Step,Action,Reasoning,Observation,Reward,Done
0,go east,,"-= Kitchenette =-
You've come into an usual room. Your mind races to think of what kind of room would be usual. And then it hits you. Of course. You're in the kitchenette.



You don't like doors? Why not try going north, that entranceway is unblocked. There is an unguarded exit to the west.",0,False
1,go,,You'll have to say which compass direction to go in.,0,False
2,go,,You'll have to say which compass direction to go in.,0,False
3,go,,You'll have to say which compass direction to go in.,0,False
4,go north,,"-= Cookhouse =-
Of every cookhouse you could have shown up in, you had to walk into a normal one.



There is an exit to the south. Don't worry, it is unguarded. You don't like doors? Why not try going west, that entranceway is unguarded.",0,False
5,go,,You'll have to say which compass direction to go in.,0,False
6,go,,You'll have to say which compass direction to go in.,0,False
7,go west,,"-= Laundromat =-
You find yourself in a laundromat. An usual one.

What's that over there? It looks like it's a drawer. Hmm. You always thought you'd be more excited to see a drawer in a room. What a letdown! The drawer is empty! You lean against the wall, inadvertently pressing a secret button. The wall opens up to reveal a shelf. But there isn't a thing on it.

There is an unblocked exit to the east. You don't like doors? Why not try going south, that entranceway is unguarded.

There is a key on the floor.",0,False
8,take,,What do you want to take?,0,False
9,take,,What do you want to take?,0,False
10,take the key,,You pick up the key from the ground.,0,False
11,look,,"-= Laundromat =-
You find yourself in a laundromat. An usual one.

What's that over there? It looks like it's a drawer. Hmm. You always thought you'd be more excited to see a drawer in a room. What a letdown! The drawer is empty! You lean against the wall, inadvertently pressing a secret button. The wall opens up to reveal a shelf. But there isn't a thing on it.

There is an unblocked exit to the east. You don't like doors? Why not try going south, that entranceway is unguarded.",0,False
12,go,,You'll have to say which compass direction to go in.,0,False
13,go,,You'll have to say which compass direction to go in.,0,False
14,go south,,"-= Basement =-
You've entered a basement.



There is a closed passageway leading south. There is an unblocked exit to the east. You don't like doors? Why not try going north, that entranceway is unguarded.",0,False
15,go,,You'll have to say which compass direction to go in.,0,False
16,go north,,"-= Laundromat =-
You find yourself in a laundromat. An usual one.

What's that over there? It looks like it's a drawer. Hmm. You always thought you'd be more excited to see a drawer in a room. What a letdown! The drawer is empty! You lean against the wall, inadvertently pressing a secret button. The wall opens up to reveal a shelf. But there isn't a thing on it.

There is an unblocked exit to the east. You don't like doors? Why not try going south, that entranceway is unguarded.",0,False
17,go,,You'll have to say which compass direction to go in.,0,False
18,go,,You'll have to say which compass direction to go in.,0,False
19,go east,,"-= Cookhouse =-
Of every cookhouse you could have shown up in, you had to walk into a normal one.



There is an exit to the south. Don't worry, it is unguarded. You don't like doors? Why not try going west, that entranceway is unguarded.",0,False
20,go south,,"-= Kitchenette =-
You've come into an usual room. Your mind races to think of what kind of room would be usual. And then it hits you. Of course. You're in the kitchenette.



You don't like doors? Why not try going north, that entranceway is unblocked. There is an unguarded exit to the west.",0,False
21,go,,You'll have to say which compass direction to go in.,0,False
22,go north,,"-= Cookhouse =-
Of every cookhouse you could have shown up in, you had to walk into a normal one.



There is an exit to the south. Don't worry, it is unguarded. You don't like doors? Why not try going west, that entranceway is unguarded.",0,False
23,go west,,"-= Laundromat =-
You find yourself in a laundromat. An usual one.

What's that over there? It looks like it's a drawer. Hmm. You always thought you'd be more excited to see a drawer in a room. What a letdown! The drawer is empty! You lean against the wall, inadvertently pressing a secret button. The wall opens up to reveal a shelf. But there isn't a thing on it.

There is an unblocked exit to the east. You don't like doors? Why not try going south, that entranceway is unguarded.",0,False
24,open,,"(the key)
It isn't something you can open.",0,False
25,look,,"-= Laundromat =-
You find yourself in a laundromat. An usual one.

What's that over there? It looks like it's a drawer. Hmm. You always thought you'd be more excited to see a drawer in a room. What a letdown! The drawer is empty! You lean against the wall, inadvertently pressing a secret button. The wall opens up to reveal a shelf. But there isn't a thing on it.

There is an unblocked exit to the east. You don't like doors? Why not try going south, that entranceway is unguarded.",0,False
26,go,,You'll have to say which compass direction to go in.,0,False
27,go,,You'll have to say which compass direction to go in.,0,False
28,go south,,"-= Basement =-
You've entered a basement.



There is a closed passageway leading south. There is an unblocked exit to the east. You don't like doors? Why not try going north, that entranceway is unguarded.",0,False
29,go east,,"-= Kitchenette =-
You've come into an usual room. Your mind races to think of what kind of room would be usual. And then it hits you. Of course. You're in the kitchenette.



You don't like doors? Why not try going north, that entranceway is unblocked. There is an unguarded exit to the west.",0,False
30,take,,"(the key)
You already have that.",0,False
31,look,,"-= Kitchenette =-
You've come into an usual room. Your mind races to think of what kind of room would be usual. And then it hits you. Of course. You're in the kitchenette.



You don't like doors? Why not try going north, that entranceway is unblocked. There is an unguarded exit to the west.",0,False
32,go north,,"-= Cookhouse =-
Of every cookhouse you could have shown up in, you had to walk into a normal one.



There is an exit to the south. Don't worry, it is unguarded. You don't like doors? Why not try going west, that entranceway is unguarded.",0,False
33,go,,You'll have to say which compass direction to go in.,0,False
34,go,,You'll have to say which compass direction to go in.,0,False
35,go west,,"-= Laundromat =-
You find yourself in a laundromat. An usual one.

What's that over there? It looks like it's a drawer. Hmm. You always thought you'd be more excited to see a drawer in a room. What a letdown! The drawer is empty! You lean against the wall, inadvertently pressing a secret button. The wall opens up to reveal a shelf. But there isn't a thing on it.

There is an unblocked exit to the east. You don't like doors? Why not try going south, that entranceway is unguarded.",0,False
36,go east,,"-= Cookhouse =-
Of every cookhouse you could have shown up in, you had to walk into a normal one.



There is an exit to the south. Don't worry, it is unguarded. You don't like doors? Why not try going west, that entranceway is unguarded.",0,False
37,go south,,"-= Kitchenette =-
You've come into an usual room. Your mind races to think of what kind of room would be usual. And then it hits you. Of course. You're in the kitchenette.



You don't like doors? Why not try going north, that entranceway is unblocked. There is an unguarded exit to the west.",0,False
38,go north,,"-= Cookhouse =-
Of every cookhouse you could have shown up in, you had to walk into a normal one.



There is an exit to the south. Don't worry, it is unguarded. You don't like doors? Why not try going west, that entranceway is unguarded.",0,False
39,go south,,"-= Kitchenette =-
You've come into an usual room. Your mind races to think of what kind of room would be usual. And then it hits you. Of course. You're in the kitchenette.



You don't like doors? Why not try going north, that entranceway is unblocked. There is an unguarded exit to the west.",0,False
40,go north,,"-= Cookhouse =-
Of every cookhouse you could have shown up in, you had to walk into a normal one.



There is an exit to the south. Don't worry, it is unguarded. You don't like doors? Why not try going west, that entranceway is unguarded.",0,False
41,go west,,"-= Laundromat =-
You find yourself in a laundromat. An usual one.

What's that over there? It looks like it's a drawer. Hmm. You always thought you'd be more excited to see a drawer in a room. What a letdown! The drawer is empty! You lean against the wall, inadvertently pressing a secret button. The wall opens up to reveal a shelf. But there isn't a thing on it.

There is an unblocked exit to the east. You don't like doors? Why not try going south, that entranceway is unguarded.",0,False
42,go east,,"-= Cookhouse =-
Of every cookhouse you could have shown up in, you had to walk into a normal one.



There is an exit to the south. Don't worry, it is unguarded. You don't like doors? Why not try going west, that entranceway is unguarded.",0,False
43,go south,,"-= Kitchenette =-
You've come into an usual room. Your mind races to think of what kind of room would be usual. And then it hits you. Of course. You're in the kitchenette.



You don't like doors? Why not try going north, that entranceway is unblocked. There is an unguarded exit to the west.",0,False
44,go north,,"-= Cookhouse =-
Of every cookhouse you could have shown up in, you had to walk into a normal one.



There is an exit to the south. Don't worry, it is unguarded. You don't like doors? Why not try going west, that entranceway is unguarded.",0,False
45,go south,,"-= Kitchenette =-
You've come into an usual room. Your mind races to think of what kind of room would be usual. And then it hits you. Of course. You're in the kitchenette.



You don't like doors? Why not try going north, that entranceway is unblocked. There is an unguarded exit to the west.",0,False
46,go north,,"-= Cookhouse =-
Of every cookhouse you could have shown up in, you had to walk into a normal one.



There is an exit to the south. Don't worry, it is unguarded. You don't like doors? Why not try going west, that entranceway is unguarded.",0,False
47,go south,,"-= Kitchenette =-
You've come into an usual room. Your mind races to think of what kind of room would be usual. And then it hits you. Of course. You're in the kitchenette.



You don't like doors? Why not try going north, that entranceway is unblocked. There is an unguarded exit to the west.",0,False
48,go north,,"-= Cookhouse =-
Of every cookhouse you could have shown up in, you had to walk into a normal one.



There is an exit to the south. Don't worry, it is unguarded. You don't like doors? Why not try going west, that entranceway is unguarded.",0,False
49,go west,,"-= Laundromat =-
You find yourself in a laundromat. An usual one.

What's that over there? It looks like it's a drawer. Hmm. You always thought you'd be more excited to see a drawer in a room. What a letdown! The drawer is empty! You lean against the wall, inadvertently pressing a secret button. The wall opens up to reveal a shelf. But there isn't a thing on it.

There is an unblocked exit to the east. You don't like doors? Why not try going south, that entranceway is unguarded.",0,False
50,look,,"-= Laundromat =-
You find yourself in a laundromat. An usual one.

What's that over there? It looks like it's a drawer. Hmm. You always thought you'd be more excited to see a drawer in a room. What a letdown! The drawer is empty! You lean against the wall, inadvertently pressing a secret button. The wall opens up to reveal a shelf. But there isn't a thing on it.

There is an unblocked exit to the east. You don't like doors? Why not try going south, that entranceway is unguarded.",0,False
51,go south,,"-= Basement =-
You've entered a basement.



There is a closed passageway leading south. There is an unblocked exit to the east. You don't like doors? Why not try going north, that entranceway is unguarded.",0,False
52,go south,,You have to open the passageway first.,0,False
53,open,,"(the key)
It isn't something you can open.",0,False
54,open,,"(the key)
It isn't something you can open.",0,False
55,look,,"-= Basement =-
You've entered a basement.



There is a closed passageway leading south. There is an unblocked exit to the east. You don't like doors? Why not try going north, that entranceway is unguarded.",0,False
56,open,,"(the key)
It isn't something you can open.",0,False
57,take,,"(passageway)
That's fixed in place.",0,False
58,take,,"(passageway)
That's fixed in place.",0,False
59,look,,"-= Basement =-
You've entered a basement.



There is a closed passageway leading south. There is an unblocked exit to the east. You don't like doors? Why not try going north, that entranceway is unguarded.",0,False
60,take,,"(passageway)
That's fixed in place.",0,False
61,open,,"(the key)
It isn't something you can open.",0,False
62,take,,"(passageway)
That's fixed in place.",0,False
63,take the key,,You already have that.,0,False
64,open,,"(the key)
It isn't something you can open.",0,False
65,open,,"(the key)
It isn't something you can open.",0,False
66,open,,"(the key)
It isn't something you can open.",0,False
67,open,,"(the key)
It isn't something you can open.",0,False
68,go,,You'll have to say which compass direction to go in.,0,False
69,go,,You'll have to say which compass direction to go in.,0,False
70,go north,,"-= Laundromat =-
You find yourself in a laundromat. An usual one.

What's that over there? It looks like it's a drawer. Hmm. You always thought you'd be more excited to see a drawer in a room. What a letdown! The drawer is empty! You lean against the wall, inadvertently pressing a secret button. The wall opens up to reveal a shelf. But there isn't a thing on it.

There is an unblocked exit to the east. You don't like doors? Why not try going south, that entranceway is unguarded.",0,False
71,open,,"(the key)
It isn't something you can open.",0,False
72,go,,You'll have to say which compass direction to go in.,0,False
73,go,,You'll have to say which compass direction to go in.,0,False
74,go,,You'll have to say which compass direction to go in.,0,False
75,go east,,"-= Cookhouse =-
Of every cookhouse you could have shown up in, you had to walk into a normal one.



There is an exit to the south. Don't worry, it is unguarded. You don't like doors? Why not try going west, that entranceway is unguarded.",0,False
76,go,,You'll have to say which compass direction to go in.,0,False
77,go,,You'll have to say which compass direction to go in.,0,False
78,go west,,"-= Laundromat =-
You find yourself in a laundromat. An usual one.

What's that over there? It looks like it's a drawer. Hmm. You always thought you'd be more excited to see a drawer in a room. What a letdown! The drawer is empty! You lean against the wall, inadvertently pressing a secret button. The wall opens up to reveal a shelf. But there isn't a thing on it.

There is an unblocked exit to the east. You don't like doors? Why not try going south, that entranceway is unguarded.",0,False
79,go,,You'll have to say which compass direction to go in.,0,True
