Step,Action,Reasoning,Observation,Reward,Done
0,go east,,"-= Kitchenette =-
You've come into an usual room. Your mind races to think of what kind of room would be usual. And then it hits you. Of course. You're in the kitchenette.



You don't like doors? Why not try going north, that entranceway is unblocked. There is an unguarded exit to the west.",0,False
1,go,,You'll have to say which compass direction to go in.,0,False
2,go,,You'll have to say which compass direction to go in.,0,False
3,go north,,"-= Cookhouse =-
Of every cookhouse you could have shown up in, you had to walk into a normal one.



There is an exit to the south. Don't worry, it is unguarded. You don't like doors? Why not try going west, that entranceway is unguarded.",0,False
4,go,,You'll have to say which compass direction to go in.,0,False
5,go,,You'll have to say which compass direction to go in.,0,False
6,go,,You'll have to say which compass direction to go in.,0,False
7,go west,,"-= Laundromat =-
You find yourself in a laundromat. An usual one.

What's that over there? It looks like it's a drawer. Hmm. You always thought you'd be more excited to see a drawer in a room. What a letdown! The drawer is empty! You lean against the wall, inadvertently pressing a secret button. The wall opens up to reveal a shelf. But there isn't a thing on it.

There is an unblocked exit to the east. You don't like doors? Why not try going south, that entranceway is unguarded.

There is a key on the floor.",0,False
8,take,,What do you want to take?,0,False
9,take,,What do you want to take?,0,False
10,take the key,,You pick up the key from the ground.,0,False
11,look,,"-= Laundromat =-
You find yourself in a laundromat. An usual one.

What's that over there? It looks like it's a drawer. Hmm. You always thought you'd be more excited to see a drawer in a room. What a letdown! The drawer is empty! You lean against the wall, inadvertently pressing a secret button. The wall opens up to reveal a shelf. But there isn't a thing on it.

There is an unblocked exit to the east. You don't like doors? Why not try going south, that entranceway is unguarded.",0,False
12,go,,You'll have to say which compass direction to go in.,0,False
13,go,,You'll have to say which compass direction to go in.,0,False
14,go south,,"-= Basement =-
You've entered a basement.



There is a closed passageway leading south. There is an unblocked exit to the east. You don't like doors? Why not try going north, that entranceway is unguarded.",0,False
15,go,,You'll have to say which compass direction to go in.,0,False
16,go north,,"-= Laundromat =-
You find yourself in a laundromat. An usual one.

What's that over there? It looks like it's a drawer. Hmm. You always thought you'd be more excited to see a drawer in a room. What a letdown! The drawer is empty! You lean against the wall, inadvertently pressing a secret button. The wall opens up to reveal a shelf. But there isn't a thing on it.

There is an unblocked exit to the east. You don't like doors? Why not try going south, that entranceway is unguarded.",0,False
17,go,,You'll have to say which compass direction to go in.,0,False
18,go,,You'll have to say which compass direction to go in.,0,False
19,go east,,"-= Cookhouse =-
Of every cookhouse you could have shown up in, you had to walk into a normal one.



There is an exit to the south. Don't worry, it is unguarded. You don't like doors? Why not try going west, that entranceway is unguarded.",0,False
20,go,,You'll have to say which compass direction to go in.,0,False
21,go west,,"-= Laundromat =-
You find yourself in a laundromat. An usual one.

What's that over there? It looks like it's a drawer. Hmm. You always thought you'd be more excited to see a drawer in a room. What a letdown! The drawer is empty! You lean against the wall, inadvertently pressing a secret button. The wall opens up to reveal a shelf. But there isn't a thing on it.

There is an unblocked exit to the east. You don't like doors? Why not try going south, that entranceway is unguarded.",0,False
22,go,,You'll have to say which compass direction to go in.,0,False
23,go,,You'll have to say which compass direction to go in.,0,False
24,go south,,"-= Basement =-
You've entered a basement.



There is a closed passageway leading south. There is an unblocked exit to the east. You don't like doors? Why not try going north, that entranceway is unguarded.",0,False
25,go,,You'll have to say which compass direction to go in.,0,False
26,go north,,"-= Laundromat =-
You find yourself in a laundromat. An usual one.

What's that over there? It looks like it's a drawer. Hmm. You always thought you'd be more excited to see a drawer in a room. What a letdown! The drawer is empty! You lean against the wall, inadvertently pressing a secret button. The wall opens up to reveal a shelf. But there isn't a thing on it.

There is an unblocked exit to the east. You don't like doors? Why not try going south, that entranceway is unguarded.",0,False
27,look,,"-= Laundromat =-
You find yourself in a laundromat. An usual one.

What's that over there? It looks like it's a drawer. Hmm. You always thought you'd be more excited to see a drawer in a room. What a letdown! The drawer is empty! You lean against the wall, inadvertently pressing a secret button. The wall opens up to reveal a shelf. But there isn't a thing on it.

There is an unblocked exit to the east. You don't like doors? Why not try going south, that entranceway is unguarded.",0,False
28,go,,You'll have to say which compass direction to go in.,0,False
29,go east,,"-= Cookhouse =-
Of every cookhouse you could have shown up in, you had to walk into a normal one.



There is an exit to the south. Don't worry, it is unguarded. You don't like doors? Why not try going west, that entranceway is unguarded.",0,False
30,go south,,"-= Kitchenette =-
You've come into an usual room. Your mind races to think of what kind of room would be usual. And then it hits you. Of course. You're in the kitchenette.



You don't like doors? Why not try going north, that entranceway is unblocked. There is an unguarded exit to the west.",0,False
31,go north,,"-= Cookhouse =-
Of every cookhouse you could have shown up in, you had to walk into a normal one.



There is an exit to the south. Don't worry, it is unguarded. You don't like doors? Why not try going west, that entranceway is unguarded.",0,False
32,go south,,"-= Kitchenette =-
You've come into an usual room. Your mind races to think of what kind of room would be usual. And then it hits you. Of course. You're in the kitchenette.



You don't like doors? Why not try going north, that entranceway is unblocked. There is an unguarded exit to the west.",0,False
33,go north,,"-= Cookhouse =-
Of every cookhouse you could have shown up in, you had to walk into a normal one.



There is an exit to the south. Don't worry, it is unguarded. You don't like doors? Why not try going west, that entranceway is unguarded.",0,False
34,go south,,"-= Kitchenette =-
You've come into an usual room. Your mind races to think of what kind of room would be usual. And then it hits you. Of course. You're in the kitchenette.



You don't like doors? Why not try going north, that entranceway is unblocked. There is an unguarded exit to the west.",0,False
35,go north,,"-= Cookhouse =-
Of every cookhouse you could have shown up in, you had to walk into a normal one.



There is an exit to the south. Don't worry, it is unguarded. You don't like doors? Why not try going west, that entranceway is unguarded.",0,False
36,go,,You'll have to say which compass direction to go in.,0,False
37,go,,You'll have to say which compass direction to go in.,0,False
38,go west,,"-= Laundromat =-
You find yourself in a laundromat. An usual one.

What's that over there? It looks like it's a drawer. Hmm. You always thought you'd be more excited to see a drawer in a room. What a letdown! The drawer is empty! You lean against the wall, inadvertently pressing a secret button. The wall opens up to reveal a shelf. But there isn't a thing on it.

There is an unblocked exit to the east. You don't like doors? Why not try going south, that entranceway is unguarded.",0,False
39,go,,You'll have to say which compass direction to go in.,0,False
40,go,,You'll have to say which compass direction to go in.,0,False
41,go east,,"-= Cookhouse =-
Of every cookhouse you could have shown up in, you had to walk into a normal one.



There is an exit to the south. Don't worry, it is unguarded. You don't like doors? Why not try going west, that entranceway is unguarded.",0,False
42,go,,You'll have to say which compass direction to go in.,0,False
43,go,,You'll have to say which compass direction to go in.,0,False
44,go south,,"-= Kitchenette =-
You've come into an usual room. Your mind races to think of what kind of room would be usual. And then it hits you. Of course. You're in the kitchenette.



You don't like doors? Why not try going north, that entranceway is unblocked. There is an unguarded exit to the west.",0,False
45,look,,"-= Kitchenette =-
You've come into an usual room. Your mind races to think of what kind of room would be usual. And then it hits you. Of course. You're in the kitchenette.



You don't like doors? Why not try going north, that entranceway is unblocked. There is an unguarded exit to the west.",0,False
46,go,,You'll have to say which compass direction to go in.,0,False
47,go north,,"-= Cookhouse =-
Of every cookhouse you could have shown up in, you had to walk into a normal one.



There is an exit to the south. Don't worry, it is unguarded. You don't like doors? Why not try going west, that entranceway is unguarded.",0,False
48,go,,You'll have to say which compass direction to go in.,0,False
49,go,,You'll have to say which compass direction to go in.,0,False
50,go west,,"-= Laundromat =-
You find yourself in a laundromat. An usual one.

What's that over there? It looks like it's a drawer. Hmm. You always thought you'd be more excited to see a drawer in a room. What a letdown! The drawer is empty! You lean against the wall, inadvertently pressing a secret button. The wall opens up to reveal a shelf. But there isn't a thing on it.

There is an unblocked exit to the east. You don't like doors? Why not try going south, that entranceway is unguarded.",0,False
51,go,,You'll have to say which compass direction to go in.,0,False
52,go,,You'll have to say which compass direction to go in.,0,False
53,go south,,"-= Basement =-
You've entered a basement.



There is a closed passageway leading south. There is an unblocked exit to the east. You don't like doors? Why not try going north, that entranceway is unguarded.",0,False
54,go north,,"-= Laundromat =-
You find yourself in a laundromat. An usual one.

What's that over there? It looks like it's a drawer. Hmm. You always thought you'd be more excited to see a drawer in a room. What a letdown! The drawer is empty! You lean against the wall, inadvertently pressing a secret button. The wall opens up to reveal a shelf. But there isn't a thing on it.

There is an unblocked exit to the east. You don't like doors? Why not try going south, that entranceway is unguarded.",0,False
55,go,,You'll have to say which compass direction to go in.,0,False
56,go,,You'll have to say which compass direction to go in.,0,False
57,go,,You'll have to say which compass direction to go in.,0,False
58,go east,,"-= Cookhouse =-
Of every cookhouse you could have shown up in, you had to walk into a normal one.



There is an exit to the south. Don't worry, it is unguarded. You don't like doors? Why not try going west, that entranceway is unguarded.",0,False
59,go,,You'll have to say which compass direction to go in.,0,False
60,go,,You'll have to say which compass direction to go in.,0,False
61,go west,,"-= Laundromat =-
You find yourself in a laundromat. An usual one.

What's that over there? It looks like it's a drawer. Hmm. You always thought you'd be more excited to see a drawer in a room. What a letdown! The drawer is empty! You lean against the wall, inadvertently pressing a secret button. The wall opens up to reveal a shelf. But there isn't a thing on it.

There is an unblocked exit to the east. You don't like doors? Why not try going south, that entranceway is unguarded.",0,False
62,go,,You'll have to say which compass direction to go in.,0,False
63,go east,,"-= Cookhouse =-
Of every cookhouse you could have shown up in, you had to walk into a normal one.



There is an exit to the south. Don't worry, it is unguarded. You don't like doors? Why not try going west, that entranceway is unguarded.",0,False
64,go south,,"-= Kitchenette =-
You've come into an usual room. Your mind races to think of what kind of room would be usual. And then it hits you. Of course. You're in the kitchenette.



You don't like doors? Why not try going north, that entranceway is unblocked. There is an unguarded exit to the west.",0,False
65,go north,,"-= Cookhouse =-
Of every cookhouse you could have shown up in, you had to walk into a normal one.



There is an exit to the south. Don't worry, it is unguarded. You don't like doors? Why not try going west, that entranceway is unguarded.",0,False
66,go south,,"-= Kitchenette =-
You've come into an usual room. Your mind races to think of what kind of room would be usual. And then it hits you. Of course. You're in the kitchenette.



You don't like doors? Why not try going north, that entranceway is unblocked. There is an unguarded exit to the west.",0,False
67,go north,,"-= Cookhouse =-
Of every cookhouse you could have shown up in, you had to walk into a normal one.



There is an exit to the south. Don't worry, it is unguarded. You don't like doors? Why not try going west, that entranceway is unguarded.",0,False
68,go,,You'll have to say which compass direction to go in.,0,False
69,go,,You'll have to say which compass direction to go in.,0,False
70,go west,,"-= Laundromat =-
You find yourself in a laundromat. An usual one.

What's that over there? It looks like it's a drawer. Hmm. You always thought you'd be more excited to see a drawer in a room. What a letdown! The drawer is empty! You lean against the wall, inadvertently pressing a secret button. The wall opens up to reveal a shelf. But there isn't a thing on it.

There is an unblocked exit to the east. You don't like doors? Why not try going south, that entranceway is unguarded.",0,False
71,go,,You'll have to say which compass direction to go in.,0,False
72,go,,You'll have to say which compass direction to go in.,0,False
73,go east,,"-= Cookhouse =-
Of every cookhouse you could have shown up in, you had to walk into a normal one.



There is an exit to the south. Don't worry, it is unguarded. You don't like doors? Why not try going west, that entranceway is unguarded.",0,False
74,go south,,"-= Kitchenette =-
You've come into an usual room. Your mind races to think of what kind of room would be usual. And then it hits you. Of course. You're in the kitchenette.



You don't like doors? Why not try going north, that entranceway is unblocked. There is an unguarded exit to the west.",0,False
75,go north,,"-= Cookhouse =-
Of every cookhouse you could have shown up in, you had to walk into a normal one.



There is an exit to the south. Don't worry, it is unguarded. You don't like doors? Why not try going west, that entranceway is unguarded.",0,False
76,go south,,"-= Kitchenette =-
You've come into an usual room. Your mind races to think of what kind of room would be usual. And then it hits you. Of course. You're in the kitchenette.



You don't like doors? Why not try going north, that entranceway is unblocked. There is an unguarded exit to the west.",0,False
77,go north,,"-= Cookhouse =-
Of every cookhouse you could have shown up in, you had to walk into a normal one.



There is an exit to the south. Don't worry, it is unguarded. You don't like doors? Why not try going west, that entranceway is unguarded.",0,False
78,go,,You'll have to say which compass direction to go in.,0,False
79,go west,,"-= Laundromat =-
You find yourself in a laundromat. An usual one.

What's that over there? It looks like it's a drawer. Hmm. You always thought you'd be more excited to see a drawer in a room. What a letdown! The drawer is empty! You lean against the wall, inadvertently pressing a secret button. The wall opens up to reveal a shelf. But there isn't a thing on it.

There is an unblocked exit to the east. You don't like doors? Why not try going south, that entranceway is unguarded.",0,True
