{
    "progression_percentage": 6.862745098039216,
    "standard_error": 1.8411197413076186,
    "average_steps": 76.03333333333333,
    "episodes_played": 30,
    "tasks": {
        "treasure_hunter": {
            "progression_percentage": 0.0,
            "standard_error": 0.0,
            "episodes_played": 10
        },
        "the_cooking_game": {
            "progression_percentage": 20.58823529411765,
            "standard_error": 1.4997116216449364,
            "episodes_played": 10
        },
        "coin_collector": {
            "progression_percentage": 0.0,
            "standard_error": 0.0,
            "episodes_played": 10
        }
    },
    "input_tokens": 2465310,
    "output_tokens": 34817
}