{
    "progression_percentage": 2.941176470588235,
    "standard_error": 2.897601076893464,
    "average_steps": 94.26470588235294,
    "episodes_played": 34,
    "tasks": {
        "MiniHack-Quest-Easy-v0": {
            "progression_percentage": 0.0,
            "standard_error": 0.0,
            "episodes_played": 4
        },
        "MiniHack-CorridorBattle-Dark-v0": {
            "progression_percentage": 0.0,
            "standard_error": 0.0,
            "episodes_played": 3
        },
        "MiniHack-MazeWalk-15x15-v0": {
            "progression_percentage": 0.0,
            "standard_error": 0.0,
            "episodes_played": 4
        },
        "MiniHack-Corridor-R3-v0": {
            "progression_percentage": 0.0,
            "standard_error": 0.0,
            "episodes_played": 4
        },
        "MiniHack-Boxoban-Hard-v0": {
            "progression_percentage": 0.0,
            "standard_error": 0.0,
            "episodes_played": 5
        },
        "MiniHack-MazeWalk-9x9-v0": {
            "progression_percentage": 25.0,
            "standard_error": 21.650635094610966,
            "episodes_played": 4
        },
        "MiniHack-Boxoban-Medium-v0": {
            "progression_percentage": 0.0,
            "standard_error": 0.0,
            "episodes_played": 5
        },
        "MiniHack-Quest-Medium-v0": {
            "progression_percentage": 0.0,
            "standard_error": 0.0,
            "episodes_played": 5
        }
    },
    "input_tokens": 23592109,
    "output_tokens": 1682540
}