{
    "progression_percentage": 4.509803921568627,
    "standard_error": 1.5107797542482724,
    "average_steps": 80.0,
    "episodes_played": 30,
    "tasks": {
        "treasure_hunter": {
            "progression_percentage": 0.0,
            "standard_error": 0.0,
            "episodes_played": 10
        },
        "the_cooking_game": {
            "progression_percentage": 13.529411764705884,
            "standard_error": 2.8877500490902532,
            "episodes_played": 10
        },
        "coin_collector": {
            "progression_percentage": 0.0,
            "standard_error": 0.0,
            "episodes_played": 10
        }
    },
    "input_tokens": 7047752,
    "output_tokens": 648061
}