{
    "progression_percentage": 3.9215686274509802,
    "standard_error": 1.0125446656751418,
    "average_steps": 80.0,
    "episodes_played": 30,
    "tasks": {
        "treasure_hunter": {
            "progression_percentage": 0.0,
            "standard_error": 0.0,
            "episodes_played": 10
        },
        "the_cooking_game": {
            "progression_percentage": 11.76470588235294,
            "standard_error": 0.0,
            "episodes_played": 10
        },
        "coin_collector": {
            "progression_percentage": 0.0,
            "standard_error": 0.0,
            "episodes_played": 10
        }
    },
    "input_tokens": 3428000,
    "output_tokens": 9580
}