{
    "progression_percentage": 0.0,
    "standard_error": 0.0,
    "average_steps": 80.0,
    "episodes_played": 30,
    "tasks": {
        "treasure_hunter": {
            "progression_percentage": 0.0,
            "standard_error": 0.0,
            "episodes_played": 10
        },
        "the_cooking_game": {
            "progression_percentage": 0.0,
            "standard_error": 0.0,
            "episodes_played": 10
        },
        "coin_collector": {
            "progression_percentage": 0.0,
            "standard_error": 0.0,
            "episodes_played": 10
        }
    },
    "input_tokens": 2856108,
    "output_tokens": 5743
}