{
    "progression_percentage": 7.5,
    "standard_error": 4.1645828122394235,
    "average_steps": 81.0,
    "episodes_played": 40,
    "tasks": {
        "MiniHack-Boxoban-Hard-v0": {
            "progression_percentage": 0.0,
            "standard_error": 0.0,
            "episodes_played": 5
        },
        "MiniHack-MazeWalk-15x15-v0": {
            "progression_percentage": 0.0,
            "standard_error": 0.0,
            "episodes_played": 5
        },
        "MiniHack-CorridorBattle-Dark-v0": {
            "progression_percentage": 0.0,
            "standard_error": 0.0,
            "episodes_played": 5
        },
        "MiniHack-MazeWalk-9x9-v0": {
            "progression_percentage": 60.0,
            "standard_error": 21.908902300206645,
            "episodes_played": 5
        },
        "MiniHack-Corridor-R3-v0": {
            "progression_percentage": 0.0,
            "standard_error": 0.0,
            "episodes_played": 5
        },
        "MiniHack-Quest-Easy-v0": {
            "progression_percentage": 0.0,
            "standard_error": 0.0,
            "episodes_played": 5
        },
        "MiniHack-Boxoban-Medium-v0": {
            "progression_percentage": 0.0,
            "standard_error": 0.0,
            "episodes_played": 5
        },
        "MiniHack-Quest-Medium-v0": {
            "progression_percentage": 0.0,
            "standard_error": 0.0,
            "episodes_played": 5
        }
    },
    "input_tokens": 13431972,
    "output_tokens": 43813
}