Step,Action,Reasoning,Observation,Reward,Done
0,go north,"Let's break down the current situation:

- We are in a bathroom.
- There is an exit to the north and west, both unguarded.
- The goal is to find the coin.

Since we are in a bathroom and there's no coin mentioned, it's likely that the coin is not here. We should explore other rooms to find it.

Considering the exits, going north seems like a good option because it's mentioned as an unguarded exit, which means we can move freely in that direction without any obstacles.

ACTION: go north","-= Salon =-
You've seen better salons, but at least this one seems pretty typical. You begin to take stock of what's in the room.



There is an unblocked exit to the east. There is an exit to the north. Don't worry, it is unblocked. There is an unguarded exit to the south. You don't like doors? Why not try going west, that entranceway is unguarded.",0,False
1,go east,"Let's break down the current situation:

- We are in a salon.
- There is an unblocked exit to the north and east, and an unguarded exit to the south and west.
- The goal is to find the coin.

Since we are in a salon and there's no coin mentioned, it's likely that the coin is not here. We should explore other rooms to find it.

Considering the exits, going north seems like a good option because it's mentioned as an unblocked exit, which means we can move freely in that direction without any obstacles.

However, we should also consider the fact that going north might lead us back to the bathroom, which we already explored. To avoid backtracking, we should try to explore other directions first.

Given the options, going east seems like a good alternative because it's also an unblocked exit, and it's a new direction that we haven't explored yet.

ACTION: go east","-= Cozy Chamber =-
You are in a chamber. A cozy one. You try to gain information on your surroundings by using a technique you call ""looking.""



There is an exit to the west. Don't worry, it is unguarded.",0,False
2,go north,"We are in a Cozy Chamber, which is a promising location since it's a new room and we haven't explored it yet. The fact that it's cozy might also imply that it's a comfortable or pleasant room, which could be a good sign.

However, there's no mention of the coin in this room, so we still need to find it. The only exit mentioned is to the west, which is unguarded.

Considering our goal, we should try to explore other directions to find the coin. Since we are in a Cozy Chamber, it's likely that there are other exits or rooms that we haven't explored yet.

Given the options, going north seems like a good alternative because it's a new direction that we haven't explored yet. It's also a good idea to explore other directions to find the coin.

ACTION: go north",You can't go that way.,0,False
3,go west,"Since we can't go north, let's think about the best course of action step by step:

1. We are currently in the Cozy Chamber.
2. The only exit mentioned is to the west, which is unguarded.
3. We need to find the coin, but it's not mentioned in this room.
4. We should try to explore other directions to find the coin.

Considering these points, the best course of action is to go back to the previous room and explore other directions from there. Since we came from the east, we should go west to return to the previous room.

ACTION: go west","-= Salon =-
You've seen better salons, but at least this one seems pretty typical. You begin to take stock of what's in the room.



There is an unblocked exit to the east. There is an exit to the north. Don't worry, it is unblocked. There is an unguarded exit to the south. You don't like doors? Why not try going west, that entranceway is unguarded.",0,False
4,go north,"Current Situation:
1. We are currently in the Salon.
2. We need to find the coin, but it's not mentioned in this room.
3. We have exits to the north, south, and west, all of which are unblocked or unguarded.
4. We previously came from the east, so going east might lead us back to the Cozy Chamber or another room.

Considering these points, the best course of action is to explore the north direction, as it's unblocked and we haven't explored that direction yet.

ACTION: go north","-= Workshop =-
You are in a workshop. A standard kind of place. You decide to just list off a complete list of everything you see in the room, because hey, why not?



There is an exit to the east. Don't worry, it is unblocked. You need an unguarded exit? You should try going north. There is an unblocked exit to the south. You need an unblocked exit? You should try going west.",0,False
5,go east,"Current Situation:
1. We are currently in the Workshop.
2. We need to find the coin, but it's not mentioned in this room.
3. We have exits to the east, north, south, and west, with some of them being unblocked or unguarded.
4. We previously came from the north, so going south might lead us back to the Salon or another room.

Considering these points, the best course of action is to explore the east direction, as it's unblocked and we haven't explored that direction yet.

ACTION: go east","-= Playroom =-
You arrive in a playroom. You try to gain information on your surroundings by using a technique you call ""looking.""



There is an unguarded exit to the east. There is an exit to the north. Don't worry, it is unguarded. You need an unguarded exit? You should try going south. You don't like doors? Why not try going west, that entranceway is unblocked.",0,False
6,go north,"Current Situation:
1. We are currently in the Playroom.
2. We need to find the coin, but it's not mentioned in this room.
3. We have exits to the east, north, south, and west, with some of them being unguarded or unblocked.
4. We previously came from the east, so going west might lead us back to the Workshop or another room.

Considering these points, the best course of action is to explore the north direction, as it's unguarded and we haven't explored that direction yet.

ACTION: go north","-= Fun Salon =-
You are in a salon. A fun one.



There is an unguarded exit to the south.",0,False
7,go south,"Current Situation:
1. We are currently in the Fun Salon.
2. We need to find the coin, but it's not mentioned in this room.
3. We have an unguarded exit to the south.
4. We previously came from the north, so going south might lead us back to the Playroom or another room.

Considering these points, the best course of action is to explore the south direction, as it's unguarded and we haven't explored that direction yet.

ACTION: go south","-= Playroom =-
You arrive in a playroom. You try to gain information on your surroundings by using a technique you call ""looking.""



There is an unguarded exit to the east. There is an exit to the north. Don't worry, it is unguarded. You need an unguarded exit? You should try going south. You don't like doors? Why not try going west, that entranceway is unblocked.",0,False
8,go east,"Current Situation:
1. We are currently in the Playroom.
2. We need to find the coin, but it's not mentioned in this room.
3. We have an unguarded exit to the east, north, and west.
4. We previously came from the south, so going south might lead us back to the Fun Salon or another room.

Considering these points, the best course of action is to explore the east direction, as it's unguarded and we haven't explored that direction yet.

ACTION: go east","-= Austere Workshop =-
You've fallen into an austere room. Your mind races to think of what kind of room would be austere. And then it hits you. Of course. You're in the austere workshop.



You need an unguarded exit? You should try going east. There is an exit to the north. Don't worry, it is unblocked. There is an exit to the south. Don't worry, it is unblocked. There is an unguarded exit to the west.",0,False
9,go north,"Current Situation:
1. We are currently in the Austere Workshop.
2. We need to find the coin, but it's not mentioned in this room.
3. We have unblocked exits to the north and south, and an unguarded exit to the west.
4. We previously came from the east, so going east might lead us back to the Playroom or another room.

Considering these points, the best course of action is to explore the north direction, as it's unblocked and we haven't explored that direction yet.

ACTION: go north","-= Cramped Bathroom =-
You arrive in a bathroom. A cramped kind of place.



There is an exit to the south. Don't worry, it is unblocked.",0,False
10,go south,"Current Situation:
1. We are currently in the Cramped Bathroom.
2. We need to find the coin, but it's not mentioned in this room.
3. We have an unblocked exit to the south.
4. We previously came from the north, so going north might lead us back to the Austere Workshop or another room.

Considering these points, the best course of action is to explore the south direction, as it's unblocked and we haven't explored that direction yet.

ACTION: go south","-= Austere Workshop =-
You've fallen into an austere room. Your mind races to think of what kind of room would be austere. And then it hits you. Of course. You're in the austere workshop.



You need an unguarded exit? You should try going east. There is an exit to the north. Don't worry, it is unblocked. There is an exit to the south. Don't worry, it is unblocked. There is an unguarded exit to the west.",0,False
11,go west,"Current Situation:
1. We are currently in the Austere Workshop.
2. We need to find the coin, but it's not mentioned in this room.
3. We have unblocked exits to the north, south, and west.
4. We previously came from the south, so going south might lead us back to the Cramped Bathroom or another room.
5. We previously came from the north, so going north might lead us back to the Playroom or another room.

Considering these points, the best course of action is to explore the west direction, as it's unguarded and we haven't explored that direction yet.

ACTION: go west","-= Playroom =-
You arrive in a playroom. You try to gain information on your surroundings by using a technique you call ""looking.""



There is an unguarded exit to the east. There is an exit to the north. Don't worry, it is unguarded. You need an unguarded exit? You should try going south. You don't like doors? Why not try going west, that entranceway is unblocked.",0,False
12,go north,"Current Situation:
1. We are currently in the Playroom.
2. We need to find the coin, but it's not mentioned in this room.
3. We have unguarded exits to the north, south, and west.
4. We previously came from the west, so going west might lead us back to the Austere Workshop or another room.
5. We previously came from the east, so going east might lead us back to the Cramped Bathroom or another room.

Considering these points, the best course of action is to explore the north direction, as it's unguarded and we haven't explored that direction yet.

ACTION: go north","-= Fun Salon =-
You are in a salon. A fun one.



There is an unguarded exit to the south.",0,False
13,go south,"Current Situation:
1. We are currently in the Fun Salon.
2. We need to find the coin, but it's not mentioned in this room.
3. We have an unguarded exit to the south.
4. We previously came from the north, so going north might lead us back to the Playroom or another room.

Considering these points, the best course of action is to explore the south direction, as it's unguarded and we haven't explored that direction yet.

ACTION: go south","-= Playroom =-
You arrive in a playroom. You try to gain information on your surroundings by using a technique you call ""looking.""



There is an unguarded exit to the east. There is an exit to the north. Don't worry, it is unguarded. You need an unguarded exit? You should try going south. You don't like doors? Why not try going west, that entranceway is unblocked.",0,False
14,go east,"Current Situation:
1. We are currently in the Playroom.
2. We need to find the coin, but it's not mentioned in this room.
3. We have an unguarded exit to the east, north, and west.
4. We previously came from the south, so going south might lead us back to the Fun Salon or another room.

Considering these points, the best course of action is to explore the east direction, as it's unguarded and we haven't explored that direction yet.

ACTION: go east","-= Austere Workshop =-
You've fallen into an austere room. Your mind races to think of what kind of room would be austere. And then it hits you. Of course. You're in the austere workshop.



You need an unguarded exit? You should try going east. There is an exit to the north. Don't worry, it is unblocked. There is an exit to the south. Don't worry, it is unblocked. There is an unguarded exit to the west.",0,False
15,go north,"Current Situation:
1. We are currently in the Austere Workshop.
2. We need to find the coin, but it's not mentioned in this room.
3. We have an unguarded exit to the east, north, south, and west.
4. We previously came from the Playroom, and we explored the east direction, which led us back to the Austere Workshop.

Considering these points, the best course of action is to explore the north direction, as it's unblocked and we haven't explored that direction yet.

ACTION: go north","-= Cramped Bathroom =-
You arrive in a bathroom. A cramped kind of place.



There is an exit to the south. Don't worry, it is unblocked.",0,False
16,go south,"Current Situation:
1. We are currently in the Cramped Bathroom.
2. We need to find the coin, but it's not mentioned in this room.
3. We have an unblocked exit to the south.
4. We previously came from the Austere Workshop, and we explored the north direction, which led us to this bathroom.

Considering these points, the best course of action is to explore the south direction, as it's unblocked and we haven't explored that direction yet.

Next, we should try to find the coin in the rooms we've been to. We previously came from the Austere Workshop, and we explored the north direction, which led us to this bathroom. Before that, we were in the Playroom, the Fun Salon, and the Austere Workshop. We should try to go back to those rooms and see if we can find the coin.

ACTION: go south","-= Austere Workshop =-
You've fallen into an austere room. Your mind races to think of what kind of room would be austere. And then it hits you. Of course. You're in the austere workshop.



You need an unguarded exit? You should try going east. There is an exit to the north. Don't worry, it is unblocked. There is an exit to the south. Don't worry, it is unblocked. There is an unguarded exit to the west.",0,False
17,go north,"Current Situation:
1. We are currently in the Austere Workshop.
2. We need to find the coin, but it's not mentioned in this room.
3. We have unblocked exits to the north, south, and west.
4. We previously came from the Cramped Bathroom, and we explored the south direction, which led us to this workshop.

Considering these points, the best course of action is to explore the room thoroughly and then decide which direction to go next.

We should try to take the coin if it's in the room, and if not, we can explore the exits.

However, since we don't see the coin in the current room, we should explore the exits.

We have three unblocked exits: north, south, and west. We should try to go in a direction that we haven't explored yet.

Since we came from the south, we should try to go north.

ACTION: go north","-= Cramped Bathroom =-
You arrive in a bathroom. A cramped kind of place.



There is an exit to the south. Don't worry, it is unblocked.",0,False
18,go south,"Current Situation:
1. We are currently in the Cramped Bathroom.
2. We need to find the coin, but it's not mentioned in this room.
3. We have an unblocked exit to the south.
4. We previously came from the Austere Workshop, and we explored the north direction, which led us to this bathroom.

Considering these points, the best course of action is to go back to the Austere Workshop and explore other directions.

We should try to go back to the Austere Workshop by going south.

ACTION: go south","-= Austere Workshop =-
You've fallen into an austere room. Your mind races to think of what kind of room would be austere. And then it hits you. Of course. You're in the austere workshop.



You need an unguarded exit? You should try going east. There is an exit to the north. Don't worry, it is unblocked. There is an exit to the south. Don't worry, it is unblocked. There is an unguarded exit to the west.",0,False
19,go west,"Current Situation:
1. We are currently in the Austere Workshop.
2. We need to find the coin, but it's not mentioned in this room.
3. We have multiple unblocked exits: north, south, and west.
4. We previously came from the Cramped Bathroom, and we explored the south direction, which led us back to this workshop.

Considering these points, the best course of action is to explore the unguarded exit to the west, as we haven't tried that direction yet.

ACTION: go west","-= Playroom =-
You arrive in a playroom. You try to gain information on your surroundings by using a technique you call ""looking.""



There is an unguarded exit to the east. There is an exit to the north. Don't worry, it is unguarded. You need an unguarded exit? You should try going south. You don't like doors? Why not try going west, that entranceway is unblocked.",0,False
20,go north,"Current Situation:
1. We are currently in the Playroom.
2. We need to find the coin, but it's not mentioned in this room.
3. We have multiple unblocked exits: east, north, south, and west.
4. We previously came from the Austere Workshop, and we explored the west direction, which led us to this playroom.

Considering these points, the best course of action is to explore the unguarded exit to the north, as we haven't tried that direction yet.

ACTION: go north","-= Fun Salon =-
You are in a salon. A fun one.



There is an unguarded exit to the south.",0,False
21,go south,"Current Situation:
1. We are currently in the Fun Salon.
2. We need to find the coin, but it's not mentioned in this room.
3. We have an unguarded exit to the south.
4. We previously came from the Playroom, and we explored the north direction, which led us to this Fun Salon.

Considering these points, the best course of action is to explore the unguarded exit to the south, as we haven't tried that direction yet.

However, we should also consider the fact that we have a limited number of steps (25) and we need to find the coin as soon as possible.

Since we are in a Fun Salon, it's possible that the coin is in a nearby room. We should try to go south and see if we can find the coin or reach a room that might have it.

ACTION: go south","-= Playroom =-
You arrive in a playroom. You try to gain information on your surroundings by using a technique you call ""looking.""



There is an unguarded exit to the east. There is an exit to the north. Don't worry, it is unguarded. You need an unguarded exit? You should try going south. You don't like doors? Why not try going west, that entranceway is unblocked.",0,False
22,go east,"Current Situation:
1. We are currently in the Playroom.
2. We need to find the coin, but it's not mentioned in this room.
3. We have an unguarded exit to the east, north, and west.
4. We previously came from the Fun Salon, and we explored the south direction, which led us back to the Playroom.

Considering these points, the best course of action is to try to find the coin in the current room or in a nearby room. Since we have an unguarded exit to the east, we should try to go east and see if we can find the coin or reach a room that might have it.

However, we should also consider the fact that we have a limited number of steps (25) and we need to find the coin as soon as possible.

Since we are in a Playroom, it's possible that the coin is in a nearby room. We should try to go east and see if we can find the coin or reach a room that might have it.

ACTION: go east","-= Austere Workshop =-
You've fallen into an austere room. Your mind races to think of what kind of room would be austere. And then it hits you. Of course. You're in the austere workshop.



You need an unguarded exit? You should try going east. There is an exit to the north. Don't worry, it is unblocked. There is an exit to the south. Don't worry, it is unblocked. There is an unguarded exit to the west.",0,False
23,go north,"Current Situation:
1. We are currently in the Austere Workshop.
2. We need to find the coin, but it's not mentioned in this room.
3. We have an unguarded exit to the east, north, south, and west.
4. We previously came from the Playroom, and we explored the east direction, which led us to the Austere Workshop.

Considering these points, the best course of action is to try to find the coin in the current room or in a nearby room. Since we have an unguarded exit to the north, we should try to go north and see if we can find the coin or reach a room that might have it.

However, we should also consider the fact that we have a limited number of steps (25) and we need to find the coin as soon as possible.

Since we are in an Austere Workshop, it's possible that the coin is in a nearby room. We should try to go north and see if we can find the coin or reach a room that might have it.

ACTION: go north","-= Cramped Bathroom =-
You arrive in a bathroom. A cramped kind of place.



There is an exit to the south. Don't worry, it is unblocked.",0,False
24,go south,"Current Situation:
1. We are currently in the Cramped Bathroom.
2. We need to find the coin, but it's not mentioned in this room.
3. We have an exit to the south.
4. We previously came from the Austere Workshop, and we went north, which led us to the Cramped Bathroom.

Considering these points, the best course of action is to try to find the coin in the current room or in a nearby room. Since we have an exit to the south, we should try to go south and see if we can find the coin or reach a room that might have it.

However, we should also consider the fact that we have a limited number of steps (25) and we need to find the coin as soon as possible.

Since we are in a Cramped Bathroom, it's possible that the coin is in a nearby room. We should try to go south and see if we can find the coin or reach a room that might have it.

We should also consider the rooms we've been to before, such as the Austere Workshop and the Playroom. It's possible that the coin is in one of those rooms.

We should also think about the fact that we've been going north and south, and we haven't explored the east and west directions in a while. It's possible that the coin is in a room that we can reach by going east or west.

Considering all these points, the best course of action is to go south and see if we can find the coin or reach a room that might have it.

ACTION: go south","-= Austere Workshop =-
You've fallen into an austere room. Your mind races to think of what kind of room would be austere. And then it hits you. Of course. You're in the austere workshop.



You need an unguarded exit? You should try going east. There is an exit to the north. Don't worry, it is unblocked. There is an exit to the south. Don't worry, it is unblocked. There is an unguarded exit to the west.",0,False
25,go west,"Current Situation:
1. We are currently in the Austere Workshop.
2. We need to find the coin, but it's not mentioned in this room.
3. We have exits to the north, south, and west, and the north and south exits are unblocked.
4. We previously came from the Cramped Bathroom, and we went south, which led us to the Austere Workshop.

Considering these points, the best course of action is to try to find the coin in the current room or in a nearby room. Since we have exits to the north, south, and west, we should try to explore these directions.

We should also consider the fact that we've been going north and south, and we haven't explored the west direction in a while. It's possible that the coin is in a room that we can reach by going west.

We should also think about the rooms we've been to before, such as the Playroom and the Fun Salon. It's possible that the coin is in one of those rooms.

However, since we are currently in the Austere Workshop, we should try to explore the west direction first, as it's an unguarded exit.

ACTION: go west","-= Playroom =-
You arrive in a playroom. You try to gain information on your surroundings by using a technique you call ""looking.""



There is an unguarded exit to the east. There is an exit to the north. Don't worry, it is unguarded. You need an unguarded exit? You should try going south. You don't like doors? Why not try going west, that entranceway is unblocked.",0,False
26,go north,"Current Situation:
1. We are currently in the Playroom.
2. We need to find the coin, but it's not mentioned in this room.
3. We have exits to the east, north, south, and west, and all of them are unblocked.
4. We previously came from the Austere Workshop, and we went west, which led us to the Playroom.

Considering these points, the best course of action is to try to find the coin in the current room or in a nearby room. Since we have exits to the east, north, south, and west, we should try to explore these directions.

We should also think about the rooms we've been to before, such as the Fun Salon and the Cramped Bathroom. It's possible that the coin is in one of those rooms.

However, since we are currently in the Playroom, we should try to explore the north direction first, as it's an unguarded exit.

ACTION: go north","-= Fun Salon =-
You are in a salon. A fun one.



There is an unguarded exit to the south.",0,False
27,go south,"Current Situation:
1. We are currently in the Fun Salon.
2. We need to find the coin, but it's not mentioned in this room.
3. We have an exit to the south, and it's unblocked.

Considering these points, the best course of action is to try to find the coin in the current room or in a nearby room. Since we have an exit to the south, we should try to explore that direction.

However, we should also think about the rooms we've been to before, such as the Playroom and the Cramped Bathroom. It's possible that the coin is in one of those rooms.

Since we are currently in the Fun Salon, we should try to explore the south direction first, as it's an unguarded exit.

ACTION: go south","-= Playroom =-
You arrive in a playroom. You try to gain information on your surroundings by using a technique you call ""looking.""



There is an unguarded exit to the east. There is an exit to the north. Don't worry, it is unguarded. You need an unguarded exit? You should try going south. You don't like doors? Why not try going west, that entranceway is unblocked.",0,False
28,go east,"Current Situation:
1. We are currently in the Playroom.
2. We need to find the coin, but it's not mentioned in this room.
3. We have an unguarded exit to the east, an unguarded exit to the north, and an unguarded exit to the west.

Considering these points, the best course of action is to try to find the coin in the current room or in a nearby room. Since we have an unguarded exit to the east, we should try to explore that direction.

However, we should also think about the rooms we've been to before, such as the Fun Salon and the Cramped Bathroom. It's possible that the coin is in one of those rooms.

Since we are currently in the Playroom, we should try to explore the east direction first, as it's an unguarded exit.

ACTION: go east","-= Austere Workshop =-
You've fallen into an austere room. Your mind races to think of what kind of room would be austere. And then it hits you. Of course. You're in the austere workshop.



You need an unguarded exit? You should try going east. There is an exit to the north. Don't worry, it is unblocked. There is an exit to the south. Don't worry, it is unblocked. There is an unguarded exit to the west.",0,False
29,go north,"Current Situation:
1. We are currently in the Austere Workshop.
2. We need to find the coin, but it's not mentioned in this room.
3. We have an unguarded exit to the east, an unguarded exit to the north, an unguarded exit to the south, and an unguarded exit to the west.

Considering these points, the best course of action is to try to find the coin in the current room or in a nearby room. Since we have multiple unguarded exits, we should try to explore each direction systematically.

First, let's try to explore the north direction, as it's a new direction we haven't tried before.

Next, if we don't find the coin in the north direction, we can try to explore the east direction, as it's also a new direction we haven't tried before.

If we still don't find the coin, we can try to explore the south direction, as it's a direction we've been to before.

Finally, if we still don't find the coin, we can try to explore the west direction, as it's also a direction we've been to before.

ACTION: go north","-= Cramped Bathroom =-
You arrive in a bathroom. A cramped kind of place.



There is an exit to the south. Don't worry, it is unblocked.",0,False
30,go east,"Current Situation:
1. We are currently in the Cramped Bathroom.
2. We need to find the coin, but it's not mentioned in this room.
3. We have an unguarded exit to the south.

Considering these points, the best course of action is to try to find the coin in the current room or in a nearby room. Since we have only one unguarded exit, we should try to explore that direction.

However, we've been to the south direction before, and it led us to the Austere Workshop, which didn't have the coin. So, we should try to explore the north direction, as it's a new direction we haven't tried before.

But, we can't go north because there is no north exit in the Cramped Bathroom. 

So, the best course of action is to go back to the previous room and try a different direction.

Let's go back to the Austere Workshop and try the east direction.

ACTION: go east",You can't go that way.,0,False
31,go south,"Current Situation:
1. We are currently in the Cramped Bathroom.
2. We need to find the coin, but it's not mentioned in this room.
3. We have an unguarded exit to the south.

Considering these points, the best course of action is to try to find the coin in the current room or in a nearby room. Since we have only one unguarded exit, we should try to explore that direction.

However, we've been to the south direction before, and it led us to the Austere Workshop, which didn't have the coin. So, we should try to explore the north direction, as it's a new direction we haven't tried before.

But, we can't go north because there is no north exit in the Cramped Bathroom.

Let's go back to the previous room and try a different direction.

We were in the Austere Workshop before the Cramped Bathroom. We can go back to the Austere Workshop and try the east direction.

However, we can't go east because we've been there before and it didn't lead us to the coin.

We can try going west from the Austere Workshop, but we can't go west from the Cramped Bathroom.

Let's go back to the Austere Workshop.

ACTION: go south","-= Austere Workshop =-
You've fallen into an austere room. Your mind races to think of what kind of room would be austere. And then it hits you. Of course. You're in the austere workshop.



You need an unguarded exit? You should try going east. There is an exit to the north. Don't worry, it is unblocked. There is an exit to the south. Don't worry, it is unblocked. There is an unguarded exit to the west.",0,False
32,go south,"Current Situation:
1. We are currently in the Austere Workshop.
2. We need to find the coin, but it's not mentioned in this room.
3. We have unguarded exits to the east, north, south, and west.

Considering these points, the best course of action is to try to find the coin in the current room or in a nearby room. Since we have multiple unguarded exits, we should try to explore the directions that we haven't tried before.

We can try going east, as it's a new direction we haven't tried before. However, we've been to the east direction before, and it led us to the Playroom, which didn't have the coin.

We can try going north, as it's a new direction we haven't tried before. However, we've been to the north direction before, and it led us to the Cramped Bathroom, which didn't have the coin.

We can try going south, as it's a new direction we haven't tried before. However, we've been to the south direction before, and it led us to the Cramped Bathroom, which didn't have the coin.

We can try going west, as it's a new direction we haven't tried before. However, we've been to the west direction before, and it led us to the Playroom, which didn't have the coin.

Since we've tried all the directions before, we should try to explore the rooms we've been to before. We can go back to the Playroom and try to find the coin there.

However, we can also try to go back to the Cramped Bathroom and try to find the coin there.

Let's go back to the Cramped Bathroom.

ACTION: go south","-= Sweaty Scullery =-
You are in a scullery. A sweaty kind of place.



There is an unguarded exit to the north.",0,False
33,go north,"We've been moved to a new room, the Sweaty Scullery. We need to find the coin, but it's not mentioned in this room.

We have an unguarded exit to the north, which is a new direction we haven't tried before. We should try to explore this direction.

However, we should also consider the fact that we've been moved to a new room, and it's possible that the coin is in this room. We should try to search the room for the coin.

Since we don't have any information about the coin being in the room, we should try to go north and explore the new room.

ACTION: go north","-= Austere Workshop =-
You've fallen into an austere room. Your mind races to think of what kind of room would be austere. And then it hits you. Of course. You're in the austere workshop.



You need an unguarded exit? You should try going east. There is an exit to the north. Don't worry, it is unblocked. There is an exit to the south. Don't worry, it is unblocked. There is an unguarded exit to the west.",0,False
34,go east,"We've been moved back to the Austere Workshop. We need to find the coin, and we have 2 steps left.

We should try to go east, as it's an unguarded exit and we haven't tried that direction before. This will give us a chance to explore a new room and possibly find the coin.

We should also consider the fact that we've been moved back to a room we've been in before, and it's possible that the coin is in this room. However, since we've already explored this room before, it's unlikely that the coin is here.

We should also consider the fact that we have 2 steps left, and we need to be careful not to waste any steps. We should try to go east and see what's in the new room.

ACTION: go east","-= Silent Studio =-
You find yourself in a studio. A silent one.



You need an unguarded exit? You should try going east. There is an unblocked exit to the north. There is an exit to the south. Don't worry, it is unguarded. There is an exit to the west. Don't worry, it is unblocked.",0,False
35,take coin,"We've been moved to the Silent Studio. We need to find the coin, and we have 1 step left.

Since we have only 1 step left, we should try to find the coin in the current room. We should look for any objects or items that we can take, and hopefully, the coin is one of them.

However, since we don't have any information about the coin being in the current room, we should try to take the coin anyway, as it's our last chance.

ACTION: take coin",You can't see any such thing.,0,False
36,go north,"We've been unable to find the coin in the Silent Studio. Since we've used up all our steps and we're not in a room that we've been to before, we should try to go back to a previous room that we know has an exit.

Let's go back to the Austere Workshop, which is a room we've been to before and has multiple exits. We can try to find the coin from there.

First, we need to go back to the Sweaty Scullery, then to the Austere Workshop.

1. Go back to the Sweaty Scullery.
2. From the Sweaty Scullery, go north to the Austere Workshop.

ACTION: go north","-= Pantry =-
You are in a pantry. An usual one. You try to gain information on your surroundings by using a technique you call ""looking.""



You don't like doors? Why not try going south, that entranceway is unblocked.",0,False
37,go south,"We've taken a wrong turn and ended up in the Pantry. To get back to the Sweaty Scullery and then to the Austere Workshop, we need to go south from the Pantry.

1. Go south from the Pantry to the Sweaty Scullery.
2. From the Sweaty Scullery, go north to the Austere Workshop.

ACTION: go south","-= Silent Studio =-
You find yourself in a studio. A silent one.



You need an unguarded exit? You should try going east. There is an unblocked exit to the north. There is an exit to the south. Don't worry, it is unguarded. There is an exit to the west. Don't worry, it is unblocked.",0,False
38,go east,"We are back in the Silent Studio. To find the coin, we need to explore the possible exits. Since we've already been in the Austere Workshop and didn't find the coin, we should try a different path.

Let's go east from the Silent Studio to see where it leads.

ACTION: go east","-= Cellar =-
You find yourself in a cellar. An ordinary one.



You need an unguarded exit? You should try going west.",0,False
39,go west,"We are in the Cellar. Since we need to find the coin and we have limited steps left, we should try to find a path that leads us to a room where we can take the coin. 

We can go west from the Cellar, but we don't know what's on the other side. However, since we are in a cellar, it's possible that we might find a way to go up or find a room with the coin.

Let's go west from the Cellar to see where it leads.

ACTION: go west","-= Silent Studio =-
You find yourself in a studio. A silent one.



You need an unguarded exit? You should try going east. There is an unblocked exit to the north. There is an exit to the south. Don't worry, it is unguarded. There is an exit to the west. Don't worry, it is unblocked.",0,False
40,go north,"We are back in the Silent Studio. We need to find the coin and we have limited steps left. 

Since we are in the Silent Studio, we should try to find a path that leads us to a room where we can take the coin. 

We can go north from the Silent Studio, but we don't know what's on the other side. However, since we are in a studio, it's possible that we might find a room with the coin.

We can also go south from the Silent Studio, but we don't know what's on the other side either.

We can also go west from the Silent Studio, but we don't know what's on the other side either.

We can also go east from the Silent Studio, but we don't know what's on the other side either.

However, since we are in a studio, it's possible that we might find a room with the coin.

ACTION: go north","-= Pantry =-
You are in a pantry. An usual one. You try to gain information on your surroundings by using a technique you call ""looking.""



You don't like doors? Why not try going south, that entranceway is unblocked.",0,False
41,take coin,"We are back in the Pantry. We need to find the coin and we have limited steps left. 

Since we are in the Pantry, we should try to find a path that leads us to a room where we can take the coin. 

We can go south from the Pantry, which might lead us to a room where we can find the coin.

However, since we are in a pantry, it's possible that we might find the coin in this room itself.

We should try to take the coin if it's present in the pantry.

ACTION: take coin",You can't see any such thing.,0,False
42,go north,"Since we can't see the coin in the pantry, we should try to explore other rooms to find it. We've been going back and forth between the Pantry and the Silent Studio, so let's try to find a new path.

We can go south from the Pantry, which might lead us to a new room. If we're lucky, we might find the coin or a path that leads us to it.

However, if we go south and end up in a dead-end, we'll be wasting a step. So, let's try to go north from the Pantry first, which might lead us to a new room or a path that we haven't explored yet.

ACTION: go north",You can't go that way.,0,False
43,go west,"Since we can't go north from the Pantry, let's think about our options. We've been going back and forth between the Pantry and the Silent Studio, and we haven't found the coin yet. We need to explore new rooms to find it.

We can go south from the Pantry, which might lead us to a new room. If we're lucky, we might find the coin or a path that leads us to it.

However, if we go south and end up in a dead-end, we'll be wasting a step. We should try to go west from the Pantry instead, which might lead us to a new room or a path that we haven't explored yet.

ACTION: go west",You can't go that way.,0,False
44,go south,"Let's think about the best course of action step by step:

1. We are currently in the Pantry.
2. We can't go north, as the previous action showed.
3. We can't go west, as the current action shows.
4. We can go south, which might lead us to a new room.
5. We should try to explore new rooms to find the coin.

Considering these steps, the best course of action is to go south from the Pantry.

ACTION: go south","-= Silent Studio =-
You find yourself in a studio. A silent one.



You need an unguarded exit? You should try going east. There is an unblocked exit to the north. There is an exit to the south. Don't worry, it is unguarded. There is an exit to the west. Don't worry, it is unblocked.",0,False
45,go east,"Let's think about the best course of action step by step:

1. We are currently in the Silent Studio.
2. We need to find the coin, but we don't see it in the current room.
3. We have multiple exit options: north, south, east, and west.
4. We should try to explore new rooms to find the coin.
5. Since we are in a Silent Studio, we might find the coin in a room that is related to sound or music.

Considering these steps, the best course of action is to go east from the Silent Studio, as it might lead us to a room that is related to sound or music.

ACTION: go east","-= Cellar =-
You find yourself in a cellar. An ordinary one.



You need an unguarded exit? You should try going west.",0,False
46,go west,"Let's think about the best course of action step by step:

1. We are currently in the Cellar.
2. We need to find the coin, but we don't see it in the current room.
3. We have an exit option: west.
4. We should try to explore new rooms to find the coin.
5. Since we are in a Cellar, it's unlikely that we'll find the coin here, but we should try to go back to the Silent Studio where we had more exit options.

Considering these steps, the best course of action is to go west from the Cellar to return to the Silent Studio.

ACTION: go west","-= Silent Studio =-
You find yourself in a studio. A silent one.



You need an unguarded exit? You should try going east. There is an unblocked exit to the north. There is an exit to the south. Don't worry, it is unguarded. There is an exit to the west. Don't worry, it is unblocked.",0,False
47,go south,"Let's think about the best course of action step by step:

1. We are currently in the Silent Studio.
2. We need to find the coin, but we don't see it in the current room.
3. We have multiple exit options: east, north, south, and west.
4. Since we've already explored the east and west directions, we should try to go north or south to see if we can find the coin or a new path.
5. Going north might lead us to a new room, but going south might lead us back to the Pantry where we previously saw no coin.

Considering these steps, the best course of action is to go south to explore a new room and potentially find the coin.

ACTION: go south","-= Fun Recreation Zone =-
You arrive in a recreation zone. A fun kind of place.



You need an unblocked exit? You should try going east. There is an unblocked exit to the north. There is an unguarded exit to the south. You don't like doors? Why not try going west, that entranceway is unguarded.",0,False
48,go west,"Let's think about the best course of action step by step:

1. We are currently in the Fun Recreation Zone.
2. We need to find the coin, but we don't see it in the current room.
3. We have multiple exit options: east, north, south, and west.
4. Since we've already explored the east and west directions, we should try to go north or south to see if we can find the coin or a new path.
5. We've been in the Silent Studio and the Pantry before, so going north might not lead to a new room.
6. Going south might lead us to a new room, but we also have an unguarded exit to the west.

Considering these steps, the best course of action is to go west to explore a new room and potentially find the coin.

ACTION: go west","-= Upsettingly Hot Kitchen =-
You're now in an upsettingly hot kitchen.



There is an exit to the east. Don't worry, it is unguarded.",0,False
49,go east,"Let's think about the best course of action step by step:

1. We are currently in the Upsettingly Hot Kitchen.
2. We need to find the coin, but we don't see it in the current room.
3. We have an unguarded exit to the east.
4. Since we've been exploring different rooms and haven't found the coin yet, we should try to go east to see if we can find it or a new path.

ACTION: go east","-= Fun Recreation Zone =-
You arrive in a recreation zone. A fun kind of place.



You need an unblocked exit? You should try going east. There is an unblocked exit to the north. There is an unguarded exit to the south. You don't like doors? Why not try going west, that entranceway is unguarded.",0,False
50,go south,"Let's think about the best course of action step by step:

1. We are currently in the Fun Recreation Zone.
2. We need to find the coin, but we don't see it in the current room.
3. We have an unguarded exit to the south, which is a new path we haven't explored yet.
4. Since we've been exploring different rooms and haven't found the coin yet, we should try to go south to see if we can find it or a new path.

ACTION: go south","-= Hot Kitchen =-
You find yourself in a kitchen. A hot one. I guess you better just go and list everything you see here.



You don't like doors? Why not try going east, that entranceway is unguarded. There is an exit to the north. Don't worry, it is unguarded. You don't like doors? Why not try going south, that entranceway is unguarded. There is an exit to the west. Don't worry, it is unguarded.",0,False
51,go north,"Let's think about the best course of action step by step:

1. We are currently in the Hot Kitchen.
2. We need to find the coin, but we don't see it in the current room.
3. We have multiple unguarded exits: east, north, south, and west.
4. Since we've been exploring different rooms and haven't found the coin yet, we should try to go north to see if we can find it or a new path.

ACTION: go north","-= Fun Recreation Zone =-
You arrive in a recreation zone. A fun kind of place.



You need an unblocked exit? You should try going east. There is an unblocked exit to the north. There is an unguarded exit to the south. You don't like doors? Why not try going west, that entranceway is unguarded.",0,False
52,go east,"Let's think about the best course of action step by step:

1. We are currently in the Fun Recreation Zone.
2. We need to find the coin, but we don't see it in the current room.
3. We have multiple options: unblocked exit to the north, unguarded exit to the south, unblocked exit to the east, and unguarded exit to the west.
4. Since we've been exploring different rooms and haven't found the coin yet, we should try to go east to see if we can find it or a new path.

ACTION: go east","-= Super Hot Kitchenette =-
You're now in a super hot kitchenette. Okay, just remember what you're here to do, and everything will go great.



There is an unblocked exit to the west.",0,False
53,go west,"Let's think about the best course of action step by step:

1. We are currently in the Super Hot Kitchenette.
2. We need to find the coin, but we don't see it in the current room.
3. We have an unblocked exit to the west.
4. Since we've been exploring different rooms and haven't found the coin yet, we should try to go west to see if we can find it or a new path.

ACTION: go west","-= Fun Recreation Zone =-
You arrive in a recreation zone. A fun kind of place.



You need an unblocked exit? You should try going east. There is an unblocked exit to the north. There is an unguarded exit to the south. You don't like doors? Why not try going west, that entranceway is unguarded.",0,False
54,go north,"Let's think about the best course of action step by step:

1. We are currently in the Fun Recreation Zone.
2. We need to find the coin, but we don't see it in the current room.
3. We have an unblocked exit to the north, south, and west.
4. Since we've been exploring different rooms and haven't found the coin yet, we should try to go north to see if we can find it or a new path.

ACTION: go north","-= Silent Studio =-
You find yourself in a studio. A silent one.



You need an unguarded exit? You should try going east. There is an unblocked exit to the north. There is an exit to the south. Don't worry, it is unguarded. There is an exit to the west. Don't worry, it is unblocked.",0,False
55,go south,"Let's think about the best course of action step by step:

1. We are currently in the Silent Studio.
2. We need to find the coin, but we don't see it in the current room.
3. We have an unblocked exit to the north, south, and west.
4. We've been exploring different rooms and haven't found the coin yet, so we should try to go north to see if we can find it or a new path.
5. However, we've been going north multiple times and haven't found the coin, so it's possible that the coin is in a different room.
6. We should also consider the fact that we've been in the Silent Studio before and didn't find the coin, so it's possible that the coin is in a different room.

Considering these points, the best course of action would be to go south, as we haven't explored that direction yet.

ACTION: go south","-= Fun Recreation Zone =-
You arrive in a recreation zone. A fun kind of place.



You need an unblocked exit? You should try going east. There is an unblocked exit to the north. There is an unguarded exit to the south. You don't like doors? Why not try going west, that entranceway is unguarded.",0,False
56,go east,"Let's think about the best course of action step by step:

1. We are currently in the Fun Recreation Zone.
2. We need to find the coin, but we don't see it in the current room.
3. We have an unblocked exit to the north, south, and west.
4. We've been exploring different rooms and haven't found the coin yet, so we should try to find a new path.
5. We've been in the Silent Studio and the Fun Recreation Zone before, and we didn't find the coin, so it's possible that the coin is in a different room.
6. We should also consider the fact that we've been going north and south multiple times and haven't found the coin, so it's possible that the coin is in a different room.

Considering these points, the best course of action would be to go east, as we haven't explored that direction yet.

ACTION: go east","-= Super Hot Kitchenette =-
You're now in a super hot kitchenette. Okay, just remember what you're here to do, and everything will go great.



There is an unblocked exit to the west.",0,False
57,go west,"Let's think about the best course of action step by step:

1. We are currently in the Super Hot Kitchenette.
2. We need to find the coin, but we don't see it in the current room.
3. We have an unblocked exit to the west.
4. We've been exploring different rooms and haven't found the coin yet, so we should try to find a new path.
5. We should also consider the fact that we've been going north and south multiple times and haven't found the coin, so it's possible that the coin is in a different room.

Considering these points, the best course of action would be to go back to the Fun Recreation Zone, as we had an unblocked exit to the east from there.

ACTION: go west","-= Fun Recreation Zone =-
You arrive in a recreation zone. A fun kind of place.



You need an unblocked exit? You should try going east. There is an unblocked exit to the north. There is an unguarded exit to the south. You don't like doors? Why not try going west, that entranceway is unguarded.",0,False
58,go east,"Let's think about the best course of action step by step:

1. We are currently in the Fun Recreation Zone.
2. We need to find the coin, but we don't see it in the current room.
3. We have multiple exit options: east, north, south, and west.
4. We've been exploring different rooms and haven't found the coin yet, so we should try to find a new path.
5. We should also consider the fact that we've been going north and south multiple times and haven't found the coin, so it's possible that the coin is in a different room.

Considering these points, the best course of action would be to try a new direction. Since we've been going north and south multiple times, let's try going east.

ACTION: go east","-= Super Hot Kitchenette =-
You're now in a super hot kitchenette. Okay, just remember what you're here to do, and everything will go great.



There is an unblocked exit to the west.",0,False
59,go west,"Let's think about the best course of action step by step:

1. We are currently in the Super Hot Kitchenette.
2. We need to find the coin, but we don't see it in the current room.
3. We have an unblocked exit to the west, which is a new direction we haven't tried yet.
4. Since we've been exploring different rooms and haven't found the coin yet, it's possible that the coin is in a different room.
5. We should try to find a new path and explore the room to the west.

Considering these points, the best course of action would be to try going west.

ACTION: go west","-= Fun Recreation Zone =-
You arrive in a recreation zone. A fun kind of place.



You need an unblocked exit? You should try going east. There is an unblocked exit to the north. There is an unguarded exit to the south. You don't like doors? Why not try going west, that entranceway is unguarded.",0,False
60,go north,"Let's think about the best course of action step by step:

1. We are currently in the Fun Recreation Zone.
2. We need to find the coin, but we don't see it in the current room.
3. We have an unblocked exit to the north, which is a new direction we haven't tried yet.
4. Since we've been exploring different rooms and haven't found the coin yet, it's possible that the coin is in a different room.
5. We should try to find a new path and explore the room to the north.

Considering these points, the best course of action would be to try going north.

ACTION: go north","-= Silent Studio =-
You find yourself in a studio. A silent one.



You need an unguarded exit? You should try going east. There is an unblocked exit to the north. There is an exit to the south. Don't worry, it is unguarded. There is an exit to the west. Don't worry, it is unblocked.",0,False
61,go north,"Let's think about the best course of action step by step:

1. We are currently in the Silent Studio.
2. We need to find the coin, but we don't see it in the current room.
3. We have an unblocked exit to the north, which is a new direction we haven't tried yet.
4. Since we've been exploring different rooms and haven't found the coin yet, it's possible that the coin is in a different room.
5. We should try to find a new path and explore the room to the north.

Considering these points, the best course of action would be to try going north.

ACTION: go north","-= Pantry =-
You are in a pantry. An usual one. You try to gain information on your surroundings by using a technique you call ""looking.""



You don't like doors? Why not try going south, that entranceway is unblocked.",0,False
62,go south,"Let's think about the best course of action step by step:

1. We are currently in the Pantry.
2. We need to find the coin, but we don't see it in the current room.
3. We have an unblocked exit to the south, which is a new direction we haven't tried yet.
4. Since we've been exploring different rooms and haven't found the coin yet, it's possible that the coin is in a different room.
5. We should try to find a new path and explore the room to the south.

Considering these points, the best course of action would be to try going south.

ACTION: go south","-= Silent Studio =-
You find yourself in a studio. A silent one.



You need an unguarded exit? You should try going east. There is an unblocked exit to the north. There is an exit to the south. Don't worry, it is unguarded. There is an exit to the west. Don't worry, it is unblocked.",0,False
63,go south,"Let's think about the best course of action step by step:

1. We are currently in the Silent Studio.
2. We need to find the coin, but we don't see it in the current room.
3. We have an unguarded exit to the south, which is a new direction we haven't tried yet.
4. Since we've been exploring different rooms and haven't found the coin yet, it's possible that the coin is in a different room.
5. We should try to find a new path and explore the room to the south.

Considering these points, the best course of action would be to try going south.

ACTION: go south","-= Fun Recreation Zone =-
You arrive in a recreation zone. A fun kind of place.



You need an unblocked exit? You should try going east. There is an unblocked exit to the north. There is an unguarded exit to the south. You don't like doors? Why not try going west, that entranceway is unguarded.",0,False
64,go south,"Let's think about the best course of action step by step:

1. We are currently in the Fun Recreation Zone.
2. We need to find the coin, but we don't see it in the current room.
3. We have an unguarded exit to the south, which is a new direction we haven't tried yet.
4. We also have an unblocked exit to the north, but we've been there before and didn't find the coin.
5. We should try to find a new path and explore the room to the south.

Considering these points, the best course of action would be to try going south.

ACTION: go south","-= Hot Kitchen =-
You find yourself in a kitchen. A hot one. I guess you better just go and list everything you see here.



You don't like doors? Why not try going east, that entranceway is unguarded. There is an exit to the north. Don't worry, it is unguarded. You don't like doors? Why not try going south, that entranceway is unguarded. There is an exit to the west. Don't worry, it is unguarded.",0,False
65,go east,"Let's think about the best course of action step by step:

1. We are currently in the Hot Kitchen.
2. We need to find the coin, but we don't see it in the current room.
3. We have an unguarded exit to the east, which is a new direction we haven't tried yet.
4. We also have an unguarded exit to the south, but we've been there before and didn't find the coin.
5. We should try to find a new path and explore the room to the east.

Considering these points, the best course of action would be to try going east.

ACTION: go east","-= Vault =-
I am honoured to announce that you are now in the vault. The room is well lit.



You don't like doors? Why not try going east, that entranceway is unblocked. There is an exit to the north. Don't worry, it is unblocked. You don't like doors? Why not try going south, that entranceway is unblocked. There is an exit to the west. Don't worry, it is unguarded.",0,False
66,go north,"Current Situation:
1. We are currently in the Vault, which is a new room we haven't explored before.
2. We need to find the coin, but we don't see it in the current room.
3. We have an unblocked exit to the north, which is a new direction we haven't tried yet.
4. We also have an unblocked exit to the south, which is another new direction we haven't tried yet.
5. We should try to find a new path and explore the room to the north.

Considering these points, the best course of action would be to try going north.

ACTION: go north","-= Sweaty Cookery =-
You find yourself in a cookery. A sweaty kind of place. The room is well lit.



You don't like doors? Why not try going south, that entranceway is unguarded.",0,False
67,go south,"Current Situation:
1. We are currently in the Sweaty Cookery, which is a new room we haven't explored before.
2. We need to find the coin, but we don't see it in the current room.
3. We have an unguarded exit to the south, which is a direction we haven't tried yet.
4. We should try to find a new path and explore the room to the south.

Considering these points, the best course of action would be to try going south.

ACTION: go south","-= Vault =-
I am honoured to announce that you are now in the vault. The room is well lit.



You don't like doors? Why not try going east, that entranceway is unblocked. There is an exit to the north. Don't worry, it is unblocked. You don't like doors? Why not try going south, that entranceway is unblocked. There is an exit to the west. Don't worry, it is unguarded.",0,False
68,go east,"Let's analyze the situation step by step:

1. We are currently in the Vault, which is a room we visited earlier.
2. We need to find the coin, but we don't see it in the current room.
3. We have multiple unblocked exits: east, north, south, and an unguarded exit to the west.
4. We should try to find a new path and explore the room to the east, as it's an unblocked exit.

Considering these points, the best course of action would be to try going east.

ACTION: go east","-= Dish-Pit =-
Well, here we are in a dish-pit. You begin looking for stuff.



There is an exit to the west. Don't worry, it is unblocked.",0,False
69,go west,"Let's analyze the situation step by step:

1. We are currently in the Dish-Pit, which is a new room we haven't visited before.
2. We need to find the coin, but we don't see it in the current room.
3. We have an unblocked exit to the west, which is the only exit mentioned in the room description.
4. Since we don't have any other options, we should try to go back to the previous room and explore other paths.

Considering these points, the best course of action would be to try going west.

ACTION: go west","-= Vault =-
I am honoured to announce that you are now in the vault. The room is well lit.



You don't like doors? Why not try going east, that entranceway is unblocked. There is an exit to the north. Don't worry, it is unblocked. You don't like doors? Why not try going south, that entranceway is unblocked. There is an exit to the west. Don't worry, it is unguarded.",0,False
70,go north,"Let's analyze the situation step by step:

1. We are currently in the Vault, which is a room we visited before.
2. We need to find the coin, but we don't see it in the current room.
3. We have multiple unblocked exits: east, north, south, and west.
4. Since we don't have any information about the coin's location, we should try to explore the rooms we haven't visited yet.
5. We can go north, which is an unblocked exit, and see if we can find the coin or any other clues.

Considering these points, the best course of action would be to try going north.

ACTION: go north","-= Sweaty Cookery =-
You find yourself in a cookery. A sweaty kind of place. The room is well lit.



You don't like doors? Why not try going south, that entranceway is unguarded.",0,False
71,go south,"Let's analyze the situation step by step:

1. We are currently in the Sweaty Cookery, which is a room we visited before.
2. We need to find the coin, but we don't see it in the current room.
3. We have an unguarded exit to the south, which is a good option since we don't know what's on the other side.
4. We can also try going back to the Vault, but since we've already explored it, it's not a priority.
5. We should try to explore the rooms we haven't visited yet, but since we're already in a room we've seen before, we should try to go south to see if we can find any new clues or the coin.

Considering these points, the best course of action would be to try going south.

ACTION: go south","-= Vault =-
I am honoured to announce that you are now in the vault. The room is well lit.



You don't like doors? Why not try going east, that entranceway is unblocked. There is an exit to the north. Don't worry, it is unblocked. You don't like doors? Why not try going south, that entranceway is unblocked. There is an exit to the west. Don't worry, it is unguarded.",0,False
72,go south,"Let's analyze the situation step by step:

1. We are currently in the Vault, which is a room we visited before.
2. We need to find the coin, but we don't see it in the current room.
3. We have multiple unblocked exits: east, north, south, and west.
4. Since we've already explored the Vault before, it's not a priority to explore it again.
5. We should try to explore the rooms we haven't visited yet, but since we have multiple unblocked exits, we can try to go in a direction that we haven't gone before.

Considering these points, the best course of action would be to try going in a direction that we haven't gone before. Since we haven't gone south before in this current path, we should try going south.

ACTION: go south","-= Cubicle =-
You are in a cubicle. A normal kind of place. Let's see what's in here.



You need an unguarded exit? You should try going east. You need an unguarded exit? You should try going north. You don't like doors? Why not try going south, that entranceway is unguarded. There is an exit to the west. Don't worry, it is unguarded.",0,False
73,go east,"Let's analyze the situation step by step:

1. We are currently in the Cubicle, which is a new room.
2. We need to find the coin, but we don't see it in the current room.
3. We have multiple unguarded exits: east, north, south, and west.
4. Since we're in a new room, it's a good idea to explore it and see if we can find any clues or the coin.
5. However, we don't see the coin in the current room, so we should try to explore other rooms.
6. We have multiple unguarded exits, which means we can try to go in any direction without worrying about doors.
7. Since we're in a new room, it's a good idea to try to go in a direction that we haven't gone before to explore new rooms.

Considering these points, the best course of action would be to try going in a direction that we haven't gone before. Since we haven't gone east before in this current path, we should try going east.

ACTION: go east","-= Absurdly Hot Scullery =-
You're now in an absurdly hot scullery.



There is an exit to the west. Don't worry, it is unguarded.",0,False
74,go west,"Let's analyze the situation step by step:

1. We are currently in the Absurdly Hot Scullery, which is a new room.
2. We need to find the coin, but we don't see it in the current room.
3. We have an unguarded exit to the west, which means we can go back to the previous room without any issues.
4. Since we're in a new room, it's a good idea to explore it and see if we can find any clues or the coin.
5. However, we don't see the coin in the current room, so we should try to go back to the previous room and explore other options.
6. We have an unguarded exit to the west, which means we can go back to the previous room without worrying about doors.

Considering these points, the best course of action would be to go back to the previous room and explore other options.

ACTION: go west","-= Cubicle =-
You are in a cubicle. A normal kind of place. Let's see what's in here.



You need an unguarded exit? You should try going east. You need an unguarded exit? You should try going north. You don't like doors? Why not try going south, that entranceway is unguarded. There is an exit to the west. Don't worry, it is unguarded.",0,False
75,go north,"Let's analyze the situation step by step:

1. We are currently in the Cubicle, which is a familiar room.
2. We need to find the coin, but we don't see it in the current room.
3. We have multiple unguarded exits: east, north, south, and west.
4. Since we're in a familiar room, it's a good idea to explore it and see if we can find any clues or the coin.
5. We should try to go in a direction that we haven't explored yet to increase our chances of finding the coin.

Considering these points, the best course of action would be to go north, as we haven't explored that direction yet.

ACTION: go north","-= Vault =-
I am honoured to announce that you are now in the vault. The room is well lit.



You don't like doors? Why not try going east, that entranceway is unblocked. There is an exit to the north. Don't worry, it is unblocked. You don't like doors? Why not try going south, that entranceway is unblocked. There is an exit to the west. Don't worry, it is unguarded.",0,False
76,go east,"Let's analyze the situation step by step:

1. We are currently in the Vault, which is a familiar room.
2. We need to find the coin, but we don't see it in the current room.
3. We have multiple unblocked exits: east, north, south, and an unguarded exit to the west.
4. Since we're in a familiar room, it's a good idea to explore it and see if we can find any clues or the coin.
5. We should try to go in a direction that we haven't explored yet to increase our chances of finding the coin.

Considering these points, the best course of action would be to go east, as we haven't explored that direction yet.

ACTION: go east","-= Dish-Pit =-
Well, here we are in a dish-pit. You begin looking for stuff.



There is an exit to the west. Don't worry, it is unblocked.",0,False
77,go west,"Let's analyze the situation step by step:

1. We are currently in the Dish-Pit, which is a new room.
2. We need to find the coin, but we don't see it in the current room.
3. We have an unblocked exit to the west, which is the only exit mentioned in the room description.
4. Since we're in a new room, it's a good idea to explore it and see if we can find any clues or the coin.
5. We should try to go in the direction of the unblocked exit to see if it leads us to the coin or another room.

Considering these points, the best course of action would be to go west.

ACTION: go west","-= Vault =-
I am honoured to announce that you are now in the vault. The room is well lit.



You don't like doors? Why not try going east, that entranceway is unblocked. There is an exit to the north. Don't worry, it is unblocked. You don't like doors? Why not try going south, that entranceway is unblocked. There is an exit to the west. Don't worry, it is unguarded.",0,False
78,go west,"Let's analyze the situation step by step:

1. We are currently in the Vault, which is a familiar room.
2. We need to find the coin, but we don't see it in the current room.
3. We have multiple unblocked exits: east, north, south, and an unguarded exit to the west.
4. Since we're in a familiar room, it's a good idea to explore the new exits and see if we can find any clues or the coin.
5. We should try to go in the direction of the unguarded exit to see if it leads us to the coin or another room.

Considering these points, the best course of action would be to go west.

ACTION: go west","-= Hot Kitchen =-
You find yourself in a kitchen. A hot one. I guess you better just go and list everything you see here.



You don't like doors? Why not try going east, that entranceway is unguarded. There is an exit to the north. Don't worry, it is unguarded. You don't like doors? Why not try going south, that entranceway is unguarded. There is an exit to the west. Don't worry, it is unguarded.",0,False
79,go north,"Let's analyze the situation step by step:

1. We are currently in the Hot Kitchen, which is a new room.
2. We need to find the coin, but we don't see it in the current room.
3. We have multiple unguarded exits: east, north, south, and an unguarded exit to the west.
4. Since we're in a new room, it's a good idea to explore the exits and see if we can find any clues or the coin.
5. We should try to go in the direction of the unguarded exit to see if it leads us to the coin or another room.

Considering these points, the best course of action would be to go north, as it's an unguarded exit and we haven't explored that direction yet.

ACTION: go north","-= Fun Recreation Zone =-
You arrive in a recreation zone. A fun kind of place.



You need an unblocked exit? You should try going east. There is an unblocked exit to the north. There is an unguarded exit to the south. You don't like doors? Why not try going west, that entranceway is unguarded.",0,True
