Step,Action,Reasoning,Observation,Reward,Done
0,go north,"Let's break down the current situation:

- We are in a bathroom.
- There is an exit to the north and west, both unguarded.
- The goal is to find the coin.

Since we are in a bathroom, it's unlikely that the coin is here. Our priority should be to explore other rooms. 

Given the information, we have two possible exits: north and west. We should choose the one that might lead us to the coin more quickly. Since we don't have any information about the rooms to the north or west, we can choose either one. However, we should try to avoid going back and forth, so let's choose the north exit for now.

ACTION: go north","-= Salon =-
You've seen better salons, but at least this one seems pretty typical. You begin to take stock of what's in the room.



There is an unblocked exit to the east. There is an exit to the north. Don't worry, it is unblocked. There is an unguarded exit to the south. You don't like doors? Why not try going west, that entranceway is unguarded.",0,False
1,go west,"Let's break down the current situation:

- We are in a salon.
- There is an unblocked exit to the east, north, and south.
- The west entranceway is unguarded.

Since we are in a salon, it's still unlikely that the coin is here. Our priority should be to explore other rooms. 

Given the information, we have four possible exits: east, north, south, and west. We should choose the one that might lead us to the coin more quickly. Since we don't have any information about the rooms to the east, north, or south, we can choose the west exit for now. The west entranceway is unguarded, which means we can move freely in that direction.

ACTION: go west","-= Kitchenette =-
Of every kitchenette you could have shown up in, you had to show up in an usual one. Okay, just remember what you're here to do, and everything will go great.



You don't like doors? Why not try going east, that entranceway is unguarded.",0,False
2,go east,"Let's break down the current situation:

- We are in a kitchenette.
- The kitchenette seems unusual.
- There is an unguarded exit to the east.

Since we are in a kitchenette, it's still unlikely that the coin is here. Our priority should be to explore other rooms. 

Given the information, we have one possible exit: east. We should choose the east exit for now, as it is unguarded and might lead us to the coin more quickly.

ACTION: go east","-= Salon =-
You've seen better salons, but at least this one seems pretty typical. You begin to take stock of what's in the room.



There is an unblocked exit to the east. There is an exit to the north. Don't worry, it is unblocked. There is an unguarded exit to the south. You don't like doors? Why not try going west, that entranceway is unguarded.",0,False
3,go north,"We are back in the salon, which means we didn't find the coin in the kitchenette. We should continue exploring other rooms.

Since we are in the salon, we have four possible exits: east, north, south, and west. We should prioritize the exits that are unguarded or unblocked, as they are more likely to lead us to the coin.

The north exit is unblocked, which is a good sign. The south exit is also unguarded, but we already explored the kitchenette, which is south of the bathroom. The west exit is unguarded, but we already explored the bathroom. The east exit is unblocked, but we already explored the kitchenette.

Considering the options, we should try the north exit first, as it is unblocked and we haven't explored that direction yet.

ACTION: go north","-= Workshop =-
You are in a workshop. A standard kind of place. You decide to just list off a complete list of everything you see in the room, because hey, why not?



There is an exit to the east. Don't worry, it is unblocked. You need an unguarded exit? You should try going north. There is an unblocked exit to the south. You need an unblocked exit? You should try going west.",0,False
4,go north,"We are in a workshop, which is a new room. We should explore this room and see if we can find any clues or the coin.

The room has exits to the east, north, south, and west. The east exit is unblocked, the north exit is unguarded, the south exit is unblocked, and the west exit is unblocked.

Since we are in a workshop, we should look for any objects or clues that might help us find the coin. However, the text doesn't provide any information about objects in the room.

Considering the exits, we should prioritize the unguarded exit, which is the north exit. We should try to go north and see where it leads us.

ACTION: go north","-= Silent Office =-
I am honoured to announce that you are now in the silent office.



There is an unblocked exit to the south.",0,False
5,go south,"We are in the silent office, which is a new room. We should explore this room and see if we can find any clues or the coin.

The room has an exit to the south, which is unblocked. Since we are in a silent office, it's likely that there are no objects or clues in the room that we can take.

Considering the exits, we should prioritize exploring the room and then try to find a way out. Since the south exit is unblocked, we should try to go south and see where it leads us.

ACTION: go south","-= Workshop =-
You are in a workshop. A standard kind of place. You decide to just list off a complete list of everything you see in the room, because hey, why not?



There is an exit to the east. Don't worry, it is unblocked. You need an unguarded exit? You should try going north. There is an unblocked exit to the south. You need an unblocked exit? You should try going west.",0,False
6,go east,"We are back in the workshop, which is a familiar room. We should explore this room and see if we can find any clues or the coin.

The room has an exit to the east, which is unblocked. We should prioritize exploring the room and then try to find a way out. Since the east exit is unblocked, we should try to go east and see where it leads us.

We should also keep in mind that we have been in this room before, and we didn't find the coin. We should be cautious and not get stuck in this room.

Next, we should try to go north and see if we can find any other exits or clues.

Then, we should try to go west and see if we can find any other exits or clues.

Finally, we should try to go south and see if we can find any other exits or clues.

ACTION: go east","-= Playroom =-
You arrive in a playroom. You try to gain information on your surroundings by using a technique you call ""looking.""



There is an unguarded exit to the east. There is an exit to the north. Don't worry, it is unguarded. You need an unguarded exit? You should try going south. You don't like doors? Why not try going west, that entranceway is unblocked.",0,False
7,go north,"We are now in the playroom, which is a new room. We should explore this room and see if we can find any clues or the coin.

Since we have 25 steps to complete the task, we should prioritize exploring the room and then try to find a way out. We should also keep in mind that we have been in this room before, and we didn't find the coin. We should be cautious and not get stuck in this room.

We should try to go north and see if we can find any other exits or clues. This is a good direction to start with because the north exit is unguarded, and we don't know what's on the other side of it.

Next, we should try to go east and see if we can find any other exits or clues. This is a good direction to try because the east exit is unguarded, and we don't know what's on the other side of it.

We should also keep in mind that we can go south and west, but we should prioritize going north and east first.

ACTION: go north","-= Fun Salon =-
You are in a salon. A fun one.



There is an unguarded exit to the south.",0,False
8,go south,"We have been in a salon before, and we didn't find the coin. We should explore this new room and see if we can find any clues or the coin.

Since we have 25 steps to complete the task, we should prioritize exploring the room and then try to find a way out. We should also keep in mind that we have been in this room before, and we didn't find the coin. We should be cautious and not get stuck in this room.

We should try to go south and see if we can find any other exits or clues. This is a good direction to start with because the south exit is unguarded, and we don't know what's on the other side of it.

We should also try to go east and see if we can find any other exits or clues. This is a good direction to try because we don't know what's on the other side of the east exit.

However, since we have been in a salon before and didn't find the coin, we should prioritize going south first to see if we can find any clues or the coin.

ACTION: go south","-= Playroom =-
You arrive in a playroom. You try to gain information on your surroundings by using a technique you call ""looking.""



There is an unguarded exit to the east. There is an exit to the north. Don't worry, it is unguarded. You need an unguarded exit? You should try going south. You don't like doors? Why not try going west, that entranceway is unblocked.",0,False
9,go east,"We are back in the playroom, which means we must have gone south from the Fun Salon. Since we are back in the playroom, we should try to find a way out or find the coin.

We have two unguarded exits: east and north. We should try to go east first because we haven't explored that direction yet, and it might lead us to a new room or the coin.

We should also keep in mind that we have been in this room before, and we didn't find the coin. We should be cautious and not get stuck in this room.

We should also try to go north, but since we have an unguarded exit to the east, we should prioritize that direction first.

ACTION: go east","-= Austere Workshop =-
You've fallen into an austere room. Your mind races to think of what kind of room would be austere. And then it hits you. Of course. You're in the austere workshop.



You need an unguarded exit? You should try going east. There is an exit to the north. Don't worry, it is unblocked. There is an exit to the south. Don't worry, it is unblocked. There is an unguarded exit to the west.",0,False
10,go east,"We are in the Austere Workshop, and we have multiple unguarded exits. We should try to explore each direction to see if we can find the coin or a new room that might lead us to the coin.

We should start by going east, as it's the first unguarded exit we see. This will allow us to explore a new direction and potentially find the coin or a new room.

We should also keep in mind that we have an unguarded exit to the west, but we should prioritize going east first.

We should also try to go north and south, but since we have an unguarded exit to the east, we should prioritize that direction first.

We should also keep in mind that we have been in this room before, and we didn't find the coin. We should be cautious and not get stuck in this room.

ACTION: go east","-= Silent Studio =-
You find yourself in a studio. A silent one.



You need an unguarded exit? You should try going east. There is an unblocked exit to the north. There is an exit to the south. Don't worry, it is unguarded. There is an exit to the west. Don't worry, it is unblocked.",0,False
11,go north,"We are in the Silent Studio, and we have multiple unguarded exits. We should try to explore each direction to see if we can find the coin or a new room that might lead us to the coin.

First, we should try to go north, as it's an unblocked exit. This will allow us to explore a new direction and potentially find the coin or a new room.

If we don't find the coin or a new room by going north, we can then try to go east, as it's also an unguarded exit.

We should also keep in mind that we have an unguarded exit to the south, but we should prioritize going north first.

We should also try to go west, but since we have an unblocked exit to the north, we should prioritize that direction first.

ACTION: go north","-= Pantry =-
You are in a pantry. An usual one. You try to gain information on your surroundings by using a technique you call ""looking.""



You don't like doors? Why not try going south, that entranceway is unblocked.",0,False
12,go south,"We are in the Pantry, and we have an unblocked exit to the south. Since we are in a pantry, it's possible that we might find the coin here, but it's also possible that we might find a new room that leads us to the coin.

To maximize our chances of finding the coin, we should try to explore the room thoroughly. We can do this by listing everything we see in the room.

However, since we are in a pantry, it's unlikely that we will find the coin here. Therefore, our best course of action is to go south, as it's an unblocked exit.

ACTION: go south","-= Silent Studio =-
You find yourself in a studio. A silent one.



You need an unguarded exit? You should try going east. There is an unblocked exit to the north. There is an exit to the south. Don't worry, it is unguarded. There is an exit to the west. Don't worry, it is unblocked.",0,False
13,go east,"We are in the Silent Studio, and we have multiple unblocked exits. Our goal is to find the coin, and we have 19 steps left.

Since we have multiple unblocked exits, we should try to explore the room thoroughly. We can do this by listing everything we see in the room.

However, since we are in a studio, it's unlikely that we will find the coin here. Therefore, our best course of action is to try to find a room that might have the coin.

We have four unblocked exits: north, south, east, and west. We should try to explore the rooms that we haven't visited before.

We can try going east, as it's a new direction. If we find the coin, we can take it. If not, we can try to explore other rooms.

ACTION: go east","-= Cellar =-
You find yourself in a cellar. An ordinary one.



You need an unguarded exit? You should try going west.",0,False
14,go west,"We are in the Cellar, and we have 17 steps left. Our goal is to find the coin.

Since we are in a cellar, it's unlikely that we will find the coin here. However, we should try to explore the room thoroughly by listing everything we see in the room.

However, since we have an unguarded exit to the west, we should try to go back to the Silent Studio and explore other rooms from there.

ACTION: go west","-= Silent Studio =-
You find yourself in a studio. A silent one.



You need an unguarded exit? You should try going east. There is an unblocked exit to the north. There is an exit to the south. Don't worry, it is unguarded. There is an exit to the west. Don't worry, it is unblocked.",0,False
15,go north,"We are in the Silent Studio, and we have 16 steps left. Our goal is to find the coin.

Since we are in a studio, it's unlikely that we will find the coin here. However, we should try to explore the room thoroughly by listing everything we see in the room.

We have several options to choose from: going east, north, south, or west. We should try to go north first, as it's an unblocked exit.

If we go north and find the coin, we can take it and win the game. If we don't find the coin, we can try to go back to the previous room or explore other rooms.

Let's go north and see what happens.

ACTION: go north","-= Pantry =-
You are in a pantry. An usual one. You try to gain information on your surroundings by using a technique you call ""looking.""



You don't like doors? Why not try going south, that entranceway is unblocked.",0,False
16,go south,"We are back in the Pantry, and we have 15 steps left. Our goal is to find the coin.

Since we are in a pantry, it's unlikely that we will find the coin here. However, we should try to explore the room thoroughly by listing everything we see in the room.

We have only one option to choose from: going south. We should try to go south and see if we can find any clues or a way to get closer to the coin.

We should also consider the fact that we were in the Silent Studio before, and we didn't find the coin there. It's possible that the coin is in a room that we haven't visited yet.

Let's go south and see what happens.

ACTION: go south","-= Silent Studio =-
You find yourself in a studio. A silent one.



You need an unguarded exit? You should try going east. There is an unblocked exit to the north. There is an exit to the south. Don't worry, it is unguarded. There is an exit to the west. Don't worry, it is unblocked.",0,False
17,go north,"We are back in the Silent Studio, and we have 14 steps left. Our goal is to find the coin.

We have several options to choose from: going east, north, south, or west. However, we should prioritize the options that are most likely to lead us to the coin.

Since we were in the Pantry before, and we didn't find the coin there, it's possible that the coin is in a room that we haven't visited yet. We should try to explore the rooms that we haven't visited yet.

We can go north, which is an unblocked exit. This will take us to a new room, and we can explore it thoroughly.

ACTION: go north","-= Pantry =-
You are in a pantry. An usual one. You try to gain information on your surroundings by using a technique you call ""looking.""



You don't like doors? Why not try going south, that entranceway is unblocked.",0,False
18,take coin,"We are back in the Pantry, and we have 13 steps left. Our goal is to find the coin.

We have only one option to choose from: going south. This will take us back to the Silent Studio, which we have already explored.

However, we should consider the possibility that the coin is in the Pantry itself. We should thoroughly search the Pantry for the coin.

Since we are in the Pantry, and we have only one option, we should take it.

ACTION: take coin",You can't see any such thing.,0,False
19,go north,"We are back in the Pantry, and we have 13 steps left. Our goal is to find the coin.

We have already searched the Pantry and couldn't find the coin. We should go back to the Silent Studio and explore it more thoroughly.

In the Silent Studio, we have multiple options to choose from. We should try to go east, as it's an unguarded exit.

However, before we do that, let's think about the previous rooms we visited. We were in the Playroom, the Fun Salon, the Austere Workshop, and the Cellar. We didn't find the coin in any of these rooms.

Considering the rooms we've visited, it's possible that the coin is in the Workshop or the Playroom. We should go back to one of these rooms and explore them more thoroughly.

Let's go back to the Playroom, as it's a room we've already visited and it has an unguarded exit to the east.

ACTION: go north",You can't go that way.,0,False
20,go south,"We are currently in the Pantry and we can't go north. We need to go south to get back to the Silent Studio.

Once we are in the Silent Studio, we can try to go east, as it's an unguarded exit.

However, before we do that, let's think about the previous rooms we visited. We were in the Playroom, the Fun Salon, the Austere Workshop, and the Cellar. We didn't find the coin in any of these rooms.

Considering the rooms we've visited, it's possible that the coin is in the Workshop or the Playroom. We should go back to one of these rooms and explore them more thoroughly.

Let's go back to the Silent Studio and then try to go east.

ACTION: go south","-= Silent Studio =-
You find yourself in a studio. A silent one.



You need an unguarded exit? You should try going east. There is an unblocked exit to the north. There is an exit to the south. Don't worry, it is unguarded. There is an exit to the west. Don't worry, it is unblocked.",0,False
21,go west,"Let's break down the situation step by step:

1. We are currently in the Silent Studio.
2. We need to find the coin, but we don't see it in the current room.
3. We have unguarded exits to the north, south, and west, but we don't know what's on the other side of these exits.
4. We have an unguarded exit to the east, which might lead us to the coin.

Considering the rooms we've visited so far, it's possible that the coin is in the Workshop or the Playroom. We should try to go back to one of these rooms.

Let's go back to the Playroom, which is to the west of the Silent Studio.

ACTION: go west","-= Austere Workshop =-
You've fallen into an austere room. Your mind races to think of what kind of room would be austere. And then it hits you. Of course. You're in the austere workshop.



You need an unguarded exit? You should try going east. There is an exit to the north. Don't worry, it is unblocked. There is an exit to the south. Don't worry, it is unblocked. There is an unguarded exit to the west.",0,False
22,go east,"Let's break down the situation step by step:

1. We are currently in the Austere Workshop.
2. We need to find the coin, but we don't see it in the current room.
3. We have unguarded exits to the north, south, and west, but we don't know what's on the other side of these exits.
4. We have an unguarded exit to the east, which might lead us to the coin.

Considering the rooms we've visited so far, it's possible that the coin is in the Playroom or the Pantry. We should try to go back to one of these rooms.

Since we were in the Playroom before the Silent Studio, let's try to go back to the Playroom.

ACTION: go east","-= Silent Studio =-
You find yourself in a studio. A silent one.



You need an unguarded exit? You should try going east. There is an unblocked exit to the north. There is an exit to the south. Don't worry, it is unguarded. There is an exit to the west. Don't worry, it is unblocked.",0,False
23,go south,"Let's break down the situation step by step:

1. We are currently in the Silent Studio.
2. We need to find the coin, but we don't see it in the current room.
3. We have unguarded exits to the north, south, and west, but we don't know what's on the other side of these exits.
4. We have an unguarded exit to the east, which might lead us to the coin.

Considering the rooms we've visited so far, it's possible that the coin is in the Playroom or the Pantry. We should try to go back to one of these rooms.

Since we were in the Pantry before the Silent Studio, let's try to go back to the Pantry.

ACTION: go south","-= Fun Recreation Zone =-
You arrive in a recreation zone. A fun kind of place.



You need an unblocked exit? You should try going east. There is an unblocked exit to the north. There is an unguarded exit to the south. You don't like doors? Why not try going west, that entranceway is unguarded.",0,False
24,go west,"Let's break down the situation step by step:

1. We are currently in the Fun Recreation Zone.
2. We need to find the coin, but we don't see it in the current room.
3. We have unblocked exits to the north and east, but we don't know what's on the other side of these exits.
4. We have an unguarded exit to the south, which might lead us back to the Silent Studio or another room.
5. We have an unguarded exit to the west, which might lead us to the Pantry or another room.

Considering the rooms we've visited so far, it's possible that the coin is in the Pantry. We should try to go back to the Pantry.

ACTION: go west","-= Upsettingly Hot Kitchen =-
You're now in an upsettingly hot kitchen.



There is an exit to the east. Don't worry, it is unguarded.",0,False
25,go east,"Let's break down the situation step by step:

1. We are currently in the Upsettingly Hot Kitchen.
2. We need to find the coin, but we don't see it in the current room.
3. We have an unguarded exit to the east, which might lead us to the Fun Recreation Zone or another room.

Considering the rooms we've visited so far, it's possible that the coin is in the Pantry. We should try to go back to the Pantry.

However, we are currently in the Upsettingly Hot Kitchen, and we don't know what's on the other side of the exit to the east. We should try to go east to see if it leads us to the Pantry or another room that might have the coin.

ACTION: go east","-= Fun Recreation Zone =-
You arrive in a recreation zone. A fun kind of place.



You need an unblocked exit? You should try going east. There is an unblocked exit to the north. There is an unguarded exit to the south. You don't like doors? Why not try going west, that entranceway is unguarded.",0,False
26,go south,"Let's break down the situation step by step:

1. We are currently in the Fun Recreation Zone.
2. We need to find the coin, but we don't see it in the current room.
3. We have an unguarded exit to the west, which might lead us back to the Upsettingly Hot Kitchen or another room.
4. We also have an unguarded exit to the south, which might lead us to the Silent Studio or another room.
5. We should try to go south to see if it leads us to the Silent Studio, where we previously saw an unblocked exit to the north, which might lead us to the Pantry.

ACTION: go south","-= Hot Kitchen =-
You find yourself in a kitchen. A hot one. I guess you better just go and list everything you see here.



You don't like doors? Why not try going east, that entranceway is unguarded. There is an exit to the north. Don't worry, it is unguarded. You don't like doors? Why not try going south, that entranceway is unguarded. There is an exit to the west. Don't worry, it is unguarded.",0,False
27,go north,"Let's break down the situation step by step:

1. We are currently in the Hot Kitchen.
2. We need to find the coin, but we don't see it in the current room.
3. We have an unguarded exit to the east, which might lead us to a new room.
4. We also have an unguarded exit to the north, which might lead us back to the Fun Recreation Zone or another room.
5. We should try to go east to see if it leads us to a new room that might have the coin.

However, considering we are in a Hot Kitchen and we previously visited the Fun Recreation Zone, it's possible that the coin is in the Pantry, which is accessible from the Silent Studio. Since we are in the Hot Kitchen, we should try to go north to see if it leads us back to the Silent Studio.

ACTION: go north","-= Fun Recreation Zone =-
You arrive in a recreation zone. A fun kind of place.



You need an unblocked exit? You should try going east. There is an unblocked exit to the north. There is an unguarded exit to the south. You don't like doors? Why not try going west, that entranceway is unguarded.",0,False
28,go south,"Let's break down the situation step by step:

1. We are currently in the Fun Recreation Zone.
2. We need to find the coin, but we don't see it in the current room.
3. We have an unblocked exit to the north, which might lead us to a new room.
4. We also have an unguarded exit to the south, which might lead us back to the Hot Kitchen or another room.
5. We should try to go north to see if it leads us to a new room that might have the coin.

However, considering we previously visited the Silent Studio and the Pantry, it's possible that the coin is in one of these rooms. Since we are in the Fun Recreation Zone, we should try to go south to see if it leads us back to the Hot Kitchen, and then we can try to go east to see if it leads us to the Silent Studio.

ACTION: go south","-= Hot Kitchen =-
You find yourself in a kitchen. A hot one. I guess you better just go and list everything you see here.



You don't like doors? Why not try going east, that entranceway is unguarded. There is an exit to the north. Don't worry, it is unguarded. You don't like doors? Why not try going south, that entranceway is unguarded. There is an exit to the west. Don't worry, it is unguarded.",0,False
29,go north,"Let's break down the situation step by step:

1. We are currently in the Hot Kitchen.
2. We need to find the coin, but we don't see it in the current room.
3. We have an unguarded exit to the east, which might lead us to a new room.
4. We also have an unguarded exit to the north, which might lead us back to the Fun Recreation Zone or another room.
5. We should try to go east to see if it leads us to a new room that might have the coin.

However, considering we previously visited the Silent Studio and the Pantry, it's possible that the coin is in one of these rooms. Since we are in the Hot Kitchen, we should try to go north to see if it leads us back to the Fun Recreation Zone, and then we can try to go east to see if it leads us to the Silent Studio.

ACTION: go north","-= Fun Recreation Zone =-
You arrive in a recreation zone. A fun kind of place.



You need an unblocked exit? You should try going east. There is an unblocked exit to the north. There is an unguarded exit to the south. You don't like doors? Why not try going west, that entranceway is unguarded.",0,False
30,go east,"Let's break down the situation step by step:

1. We are currently in the Fun Recreation Zone.
2. We need to find the coin, but we don't see it in the current room.
3. We have an unblocked exit to the north, which might lead us to a new room.
4. We also have an unguarded exit to the south, which might lead us back to the Hot Kitchen or another room.
5. We should try to go east to see if it leads us to a new room that might have the coin.

However, considering we previously visited the Silent Studio and the Pantry, it's possible that the coin is in one of these rooms. Since we are in the Fun Recreation Zone, we should try to go east to see if it leads us to the Silent Studio.

ACTION: go east","-= Super Hot Kitchenette =-
You're now in a super hot kitchenette. Okay, just remember what you're here to do, and everything will go great.



There is an unblocked exit to the west.",0,False
31,go west,"Let's break down the situation step by step:

1. We are currently in the Super Hot Kitchenette.
2. We need to find the coin, but we don't see it in the current room.
3. We have an unblocked exit to the west, which might lead us back to the Fun Recreation Zone or another room.

Considering we are in a kitchenette and we previously visited a Hot Kitchen, it's possible that the coin is in one of these rooms. Since we are in the Super Hot Kitchenette, we should try to go west to see if it leads us to the Fun Recreation Zone.

ACTION: go west","-= Fun Recreation Zone =-
You arrive in a recreation zone. A fun kind of place.



You need an unblocked exit? You should try going east. There is an unblocked exit to the north. There is an unguarded exit to the south. You don't like doors? Why not try going west, that entranceway is unguarded.",0,False
32,go north,"Let's break down the situation step by step:

1. We are currently in the Fun Recreation Zone.
2. We need to find the coin, but we don't see it in the current room.
3. We have an unblocked exit to the north, which might lead us to a new room.
4. We have an unguarded exit to the south, which might lead us back to the Hot Kitchen or another room.
5. We have an unguarded exit to the west, which might lead us back to the Super Hot Kitchenette or another room.

Considering we are in the Fun Recreation Zone and we previously visited a Hot Kitchen and a Super Hot Kitchenette, it's possible that the coin is in one of these rooms. Since we are in the Fun Recreation Zone, we should try to go north to see if it leads us to a new room that might contain the coin.

ACTION: go north","-= Silent Studio =-
You find yourself in a studio. A silent one.



You need an unguarded exit? You should try going east. There is an unblocked exit to the north. There is an exit to the south. Don't worry, it is unguarded. There is an exit to the west. Don't worry, it is unblocked.",0,False
33,go south,"Let's break down the situation step by step:

1. We are currently in the Silent Studio.
2. We need to find the coin, but we don't see it in the current room.
3. We have an unblocked exit to the north, which might lead us to a new room.
4. We have an unguarded exit to the south, which might lead us back to the Fun Recreation Zone or another room.
5. We have an unblocked exit to the west, which might lead us back to the Fun Recreation Zone or another room.

Considering we are in the Silent Studio and we previously visited the Fun Recreation Zone, it's possible that the coin is in one of these rooms. Since we are in the Silent Studio, we should try to go south to see if it leads us back to the Fun Recreation Zone, where we might have missed the coin.

ACTION: go south","-= Fun Recreation Zone =-
You arrive in a recreation zone. A fun kind of place.



You need an unblocked exit? You should try going east. There is an unblocked exit to the north. There is an unguarded exit to the south. You don't like doors? Why not try going west, that entranceway is unguarded.",0,False
34,go east,"Let's break down the situation step by step:

1. We are currently in the Fun Recreation Zone.
2. We need to find the coin, but we don't see it in the current room.
3. We have an unblocked exit to the east, which might lead us to a new room.
4. We have an unblocked exit to the north, which might lead us to a new room.
5. We have an unguarded exit to the south, which might lead us back to the Silent Studio or another room.
6. We have an unguarded exit to the west, which might lead us back to the Silent Studio or another room.

Considering we are in the Fun Recreation Zone and we previously visited the Silent Studio, it's possible that the coin is in one of these rooms. Since we are in the Fun Recreation Zone, we should try to go east to see if it leads us to a new room where the coin might be.

ACTION: go east","-= Super Hot Kitchenette =-
You're now in a super hot kitchenette. Okay, just remember what you're here to do, and everything will go great.



There is an unblocked exit to the west.",0,False
35,go west,"Let's break down the situation step by step:

1. We are currently in the Super Hot Kitchenette.
2. We need to find the coin, but we don't see it in the current room.
3. We have an unblocked exit to the west, which might lead us back to the Fun Recreation Zone or another room.

Considering we are in the Super Hot Kitchenette and we previously visited the Fun Recreation Zone, it's possible that the coin is in one of these rooms. Since we are in the Super Hot Kitchenette, we should try to go west to see if it leads us back to the Fun Recreation Zone where the coin might be.

ACTION: go west","-= Fun Recreation Zone =-
You arrive in a recreation zone. A fun kind of place.



You need an unblocked exit? You should try going east. There is an unblocked exit to the north. There is an unguarded exit to the south. You don't like doors? Why not try going west, that entranceway is unguarded.",0,False
36,go north,"Let's break down the situation step by step:

1. We are currently in the Fun Recreation Zone.
2. We need to find the coin, but we don't see it in the current room.
3. We have an unblocked exit to the north, which might lead us to a new room.
4. We have an unguarded exit to the south, which might lead us back to the Silent Studio or another room.
5. We have an unguarded exit to the west, which might lead us back to the Super Hot Kitchenette or another room.

Considering we are in the Fun Recreation Zone and we previously visited the Silent Studio, it's possible that the coin is in one of these rooms. Since we are in the Fun Recreation Zone, we should try to go north to see if it leads us to a new room where the coin might be.

ACTION: go north","-= Silent Studio =-
You find yourself in a studio. A silent one.



You need an unguarded exit? You should try going east. There is an unblocked exit to the north. There is an exit to the south. Don't worry, it is unguarded. There is an exit to the west. Don't worry, it is unblocked.",0,False
37,go south,"Let's break down the situation step by step:

1. We are currently in the Silent Studio.
2. We need to find the coin, but we don't see it in the current room.
3. We have an unblocked exit to the north, which might lead us to a new room.
4. We have an unguarded exit to the south, which might lead us back to the Fun Recreation Zone or another room.
5. We have an unblocked exit to the west, which might lead us back to the Fun Recreation Zone or another room.

Considering we are in the Silent Studio and we previously visited the Fun Recreation Zone, it's possible that the coin is in one of these rooms. Since we are in the Silent Studio, we should try to go north to see if it leads us to a new room where the coin might be.

However, we also have an unguarded exit to the south, which might lead us back to the Fun Recreation Zone. Since we are in the Silent Studio, it's possible that the coin is in the Fun Recreation Zone, and going south might lead us to it.

ACTION: go south","-= Fun Recreation Zone =-
You arrive in a recreation zone. A fun kind of place.



You need an unblocked exit? You should try going east. There is an unblocked exit to the north. There is an unguarded exit to the south. You don't like doors? Why not try going west, that entranceway is unguarded.",0,False
38,go north,"Let's break down the situation step by step:

1. We are currently in the Fun Recreation Zone.
2. We need to find the coin, but we don't see it in the current room.
3. We have an unblocked exit to the north, which might lead us to a new room.
4. We have an unguarded exit to the south, which might lead us back to the Silent Studio or another room.
5. We have an unblocked exit to the west, which might lead us back to the Silent Studio or another room.

Considering we are in the Fun Recreation Zone and we previously visited the Silent Studio, it's possible that the coin is in one of these rooms. Since we are in the Fun Recreation Zone, we should try to go north to see if it leads us to a new room where the coin might be.

However, we also have an unguarded exit to the south, which might lead us back to the Silent Studio. Since we are in the Fun Recreation Zone, it's possible that the coin is in the Silent Studio, and going south might lead us to it.

Considering we have 2 steps left, we should try to go north to see if it leads us to the coin.

ACTION: go north","-= Silent Studio =-
You find yourself in a studio. A silent one.



You need an unguarded exit? You should try going east. There is an unblocked exit to the north. There is an exit to the south. Don't worry, it is unguarded. There is an exit to the west. Don't worry, it is unblocked.",0,False
39,go south,"We are currently in the Silent Studio, and we need to find the coin. We have an unguarded exit to the south, which might lead us back to the Fun Recreation Zone or another room. We also have an unblocked exit to the west, which might lead us to a new room.

Considering we are in the Silent Studio and we previously visited the Fun Recreation Zone, it's possible that the coin is in one of these rooms. Since we are in the Silent Studio, we should try to go south to see if it leads us to the coin.

ACTION: go south","-= Fun Recreation Zone =-
You arrive in a recreation zone. A fun kind of place.



You need an unblocked exit? You should try going east. There is an unblocked exit to the north. There is an unguarded exit to the south. You don't like doors? Why not try going west, that entranceway is unguarded.",0,False
40,go north,"We are currently in the Fun Recreation Zone, and we need to find the coin. We have an unblocked exit to the north, which might lead us to a new room. We also have an unguarded exit to the south, which might lead us back to the Silent Studio or another room. We also have an unguarded exit to the west, which might lead us to a new room.

Considering we are in the Fun Recreation Zone and we previously visited the Silent Studio, it's possible that the coin is in one of these rooms. Since we are in the Fun Recreation Zone, we should try to go north to see if it leads us to the coin.

However, we should also consider the possibility that the coin is in the room we are currently in. If that's the case, we should try to take the coin.

Since we have 2 possible actions, we should try to go north first and see if it leads us to the coin. If it doesn't, we can try to go south or west to explore other rooms.

ACTION: go north","-= Silent Studio =-
You find yourself in a studio. A silent one.



You need an unguarded exit? You should try going east. There is an unblocked exit to the north. There is an exit to the south. Don't worry, it is unguarded. There is an exit to the west. Don't worry, it is unblocked.",0,False
41,go south,"We are currently in the Silent Studio, and we need to find the coin. We have an unguarded exit to the south, which might lead us back to the Fun Recreation Zone or another room. We also have an unblocked exit to the north, which might lead us to a new room. We also have an unguarded exit to the west, which might lead us to a new room.

Since we are in the Silent Studio, we should try to go south to see if it leads us back to the Fun Recreation Zone or another room. If we go south and find the coin, we can take it. If we don't find the coin, we can try to go north or west to explore other rooms.

However, we should also consider the possibility that the coin is in the room we are currently in. If that's the case, we should try to take the coin.

Since we have 2 possible actions, we should try to go south first and see if it leads us to the coin. If it doesn't, we can try to go north or west to explore other rooms.

ACTION: go south","-= Fun Recreation Zone =-
You arrive in a recreation zone. A fun kind of place.



You need an unblocked exit? You should try going east. There is an unblocked exit to the north. There is an unguarded exit to the south. You don't like doors? Why not try going west, that entranceway is unguarded.",0,False
42,go east,"We are currently in the Fun Recreation Zone, and we need to find the coin. We have an unblocked exit to the north, an unguarded exit to the south, and an unguarded exit to the west.

Since we are in the Fun Recreation Zone, we should try to go east to see if it leads us to the coin. If we go east and find the coin, we can take it. If we don't find the coin, we can try to go north or south to explore other rooms.

However, we should also consider the possibility that the coin is in the room we are currently in. If that's the case, we should try to take the coin.

Since we have 2 possible actions, we should try to go east first and see if it leads us to the coin. If it doesn't, we can try to go north or south to explore other rooms.

ACTION: go east","-= Super Hot Kitchenette =-
You're now in a super hot kitchenette. Okay, just remember what you're here to do, and everything will go great.



There is an unblocked exit to the west.",0,False
43,go west,"We are currently in the Super Hot Kitchenette, and we need to find the coin. We have an unblocked exit to the west.

Since we are in the Super Hot Kitchenette, we should try to explore other rooms to see if the coin is there. We can go west to see if it leads us to the coin.

However, we should also consider the possibility that the coin is in the room we are currently in. If that's the case, we should try to take the coin.

Since we have 2 possible actions, we should try to go west first and see if it leads us to the coin. If it doesn't, we can try to take the coin.

ACTION: go west","-= Fun Recreation Zone =-
You arrive in a recreation zone. A fun kind of place.



You need an unblocked exit? You should try going east. There is an unblocked exit to the north. There is an unguarded exit to the south. You don't like doors? Why not try going west, that entranceway is unguarded.",0,False
44,go north,"We are currently in the Fun Recreation Zone, and we need to find the coin. We have an unblocked exit to the north, an unguarded exit to the south, and an unguarded exit to the west.

Since we are in the Fun Recreation Zone, we should try to explore other rooms to see if the coin is there. We can go north to see if it leads us to the coin.

However, we should also consider the possibility that the coin is in the room we are currently in. If that's the case, we should try to take the coin.

We should also consider the fact that we have an unguarded exit to the south, which means we can go south without any obstacles. This could be a good option if going north doesn't lead us to the coin.

Considering all the options, we should try to go north first and see if it leads us to the coin. If it doesn't, we can try to go south.

ACTION: go north","-= Silent Studio =-
You find yourself in a studio. A silent one.



You need an unguarded exit? You should try going east. There is an unblocked exit to the north. There is an exit to the south. Don't worry, it is unguarded. There is an exit to the west. Don't worry, it is unblocked.",0,False
45,go south,"We are currently in the Silent Studio, and we need to find the coin. We have an unblocked exit to the north, an unguarded exit to the south, and an unblocked exit to the west.

Since we are in the Silent Studio, we should try to explore other rooms to see if the coin is there. We can go north to see if it leads us to the coin, or we can go south to see if it leads us to the coin.

However, we should also consider the possibility that the coin is in the room we are currently in. If that's the case, we should try to take the coin.

We should also consider the fact that we have an unguarded exit to the south, which means we can go south without any obstacles. This could be a good option if going north doesn't lead us to the coin.

Considering all the options, we should try to go south first and see if it leads us to the coin. If it doesn't, we can try to go north.

ACTION: go south","-= Fun Recreation Zone =-
You arrive in a recreation zone. A fun kind of place.



You need an unblocked exit? You should try going east. There is an unblocked exit to the north. There is an unguarded exit to the south. You don't like doors? Why not try going west, that entranceway is unguarded.",0,False
46,go south,"We are currently in the Fun Recreation Zone, and we need to find the coin. We have an unblocked exit to the north, an unguarded exit to the south, and an unguarded exit to the west.

Since we are in the Fun Recreation Zone, we should try to explore other rooms to see if the coin is there. We can go north to see if it leads us to the coin, or we can go south to see if it leads us to the coin.

However, we should also consider the possibility that the coin is in the room we are currently in. If that's the case, we should try to take the coin.

We should also consider the fact that we have an unguarded exit to the south, which means we can go south without any obstacles. This could be a good option if going north doesn't lead us to the coin.

Considering all the options, we should try to go north first and see if it leads us to the coin. If it doesn't, we can try to go south.

However, since we are in the Fun Recreation Zone, and we have an unguarded exit to the south, we should prioritize going south to see if it leads us to the coin.

ACTION: go south","-= Hot Kitchen =-
You find yourself in a kitchen. A hot one. I guess you better just go and list everything you see here.



You don't like doors? Why not try going east, that entranceway is unguarded. There is an exit to the north. Don't worry, it is unguarded. You don't like doors? Why not try going south, that entranceway is unguarded. There is an exit to the west. Don't worry, it is unguarded.",0,False
47,go north,"We are currently in the Hot Kitchen, and we need to find the coin. We have an unguarded exit to the east, an unguarded exit to the north, an unguarded exit to the south, and an unguarded exit to the west.

Since we are in the Hot Kitchen, we should try to explore other rooms to see if the coin is there. We can go east, north, south, or west to see if it leads us to the coin.

However, we should also consider the possibility that the coin is in the room we are currently in. If that's the case, we should try to take the coin.

We should also consider the fact that all the exits are unguarded, which means we can go in any direction without any obstacles. This gives us a lot of flexibility in our exploration.

Considering all the options, we should try to go north first and see if it leads us to the coin. If it doesn't, we can try to go in a different direction.

ACTION: go north","-= Fun Recreation Zone =-
You arrive in a recreation zone. A fun kind of place.



You need an unblocked exit? You should try going east. There is an unblocked exit to the north. There is an unguarded exit to the south. You don't like doors? Why not try going west, that entranceway is unguarded.",0,False
48,go east,"We are currently in the Fun Recreation Zone, and we need to find the coin. We have an unblocked exit to the east, an unblocked exit to the north, an unguarded exit to the south, and an unguarded exit to the west.

Since we are in the Fun Recreation Zone, we should try to explore other rooms to see if the coin is there. We can go east, north, south, or west to see if it leads us to the coin.

However, we should also consider the possibility that the coin is in the room we are currently in. If that's the case, we should try to take the coin.

We should also consider the fact that all the exits are either unblocked or unguarded, which means we can go in any direction without any obstacles. This gives us a lot of flexibility in our exploration.

Considering all the options, we should try to go east first and see if it leads us to the coin. If it doesn't, we can try to go in a different direction.

ACTION: go east","-= Super Hot Kitchenette =-
You're now in a super hot kitchenette. Okay, just remember what you're here to do, and everything will go great.



There is an unblocked exit to the west.",0,False
49,go west,"We are currently in the Super Hot Kitchenette, and we need to find the coin. We have an unblocked exit to the west.

Since we are in the Super Hot Kitchenette, we should try to explore other rooms to see if the coin is there. We can go west to see if it leads us to the coin.

However, we should also consider the possibility that the coin is in the room we are currently in. If that's the case, we should try to take the coin.

We should also consider the fact that all the exits are either unblocked or unguarded, which means we can go in any direction without any obstacles. This gives us a lot of flexibility in our exploration.

Considering all the options, we should try to go west first and see if it leads us to the coin.

ACTION: go west","-= Fun Recreation Zone =-
You arrive in a recreation zone. A fun kind of place.



You need an unblocked exit? You should try going east. There is an unblocked exit to the north. There is an unguarded exit to the south. You don't like doors? Why not try going west, that entranceway is unguarded.",0,False
50,go north,"We are currently in the Fun Recreation Zone, and we need to find the coin. We have an unblocked exit to the north, an unguarded exit to the south, and an unguarded exit to the west.

Since we are in the Fun Recreation Zone, we should try to explore other rooms to see if the coin is there. We can go north, south, or west to see if it leads us to the coin.

However, we should also consider the possibility that the coin is in the room we are currently in. If that's the case, we should try to take the coin.

We should also consider the fact that all the exits are either unblocked or unguarded, which means we can go in any direction without any obstacles. This gives us a lot of flexibility in our exploration.

Considering all the options, we should try to go north first and see if it leads us to the coin.

ACTION: go north","-= Silent Studio =-
You find yourself in a studio. A silent one.



You need an unguarded exit? You should try going east. There is an unblocked exit to the north. There is an exit to the south. Don't worry, it is unguarded. There is an exit to the west. Don't worry, it is unblocked.",0,False
51,go north,"We are currently in the Silent Studio, and we need to find the coin. We have an unblocked exit to the north, an unguarded exit to the south, and an unblocked exit to the west.

Since we are in the Silent Studio, we should try to explore other rooms to see if the coin is there. We can go north, south, or west to see if it leads us to the coin.

However, we should also consider the possibility that the coin is in the room we are currently in. If that's the case, we should try to take the coin.

We should also consider the fact that all the exits are either unblocked or unguarded, which means we can go in any direction without any obstacles. This gives us a lot of flexibility in our exploration.

Considering all the options, we should try to go north first and see if it leads us to the coin. If not, we can try going south or west to explore other rooms.

Since we have an unblocked exit to the north, we should try to go north first.

ACTION: go north","-= Pantry =-
You are in a pantry. An usual one. You try to gain information on your surroundings by using a technique you call ""looking.""



You don't like doors? Why not try going south, that entranceway is unblocked.",0,False
52,go south,"We are currently in the Pantry, and we need to find the coin. We have an unblocked exit to the south.

Since we are in the Pantry, we should try to explore other rooms to see if the coin is there. We can go south to see if it leads us to the coin.

However, we should also consider the possibility that the coin is in the room we are currently in. If that's the case, we should try to take the coin.

We should also consider the fact that all the exits are either unblocked or unguarded, which means we can go in any direction without any obstacles. This gives us a lot of flexibility in our exploration.

Considering all the options, we should try to go south first and see if it leads us to the coin.

ACTION: go south","-= Silent Studio =-
You find yourself in a studio. A silent one.



You need an unguarded exit? You should try going east. There is an unblocked exit to the north. There is an exit to the south. Don't worry, it is unguarded. There is an exit to the west. Don't worry, it is unblocked.",0,False
53,go south,"We are currently in the Silent Studio, and we need to find the coin. We have an unguarded exit to the south, an unblocked exit to the north, an unguarded exit to the south, and an unblocked exit to the west.

Since we are in the Silent Studio, we should try to explore other rooms to see if the coin is there. We can go south to see if it leads us to the coin, or we can go north to explore other rooms.

However, we should also consider the possibility that the coin is in the room we are currently in. If that's the case, we should try to take the coin.

We should also consider the fact that all the exits are either unblocked or unguarded, which means we can go in any direction without any obstacles. This gives us a lot of flexibility in our exploration.

Considering all the options, we should try to go south first and see if it leads us to the coin.

ACTION: go south","-= Fun Recreation Zone =-
You arrive in a recreation zone. A fun kind of place.



You need an unblocked exit? You should try going east. There is an unblocked exit to the north. There is an unguarded exit to the south. You don't like doors? Why not try going west, that entranceway is unguarded.",0,False
54,go north,"We are currently in the Fun Recreation Zone, and we need to find the coin. We have an unblocked exit to the north, an unguarded exit to the south, and an unguarded exit to the west.

Since we are in the Fun Recreation Zone, we should try to explore other rooms to see if the coin is there. We can go north to see if it leads us to the coin, or we can go south to explore other rooms.

However, we should also consider the possibility that the coin is in the room we are currently in. If that's the case, we should try to take the coin.

We should also consider the fact that all the exits are either unblocked or unguarded, which means we can go in any direction without any obstacles. This gives us a lot of flexibility in our exploration.

Considering all the options, we should try to go north first and see if it leads us to the coin.

ACTION: go north","-= Silent Studio =-
You find yourself in a studio. A silent one.



You need an unguarded exit? You should try going east. There is an unblocked exit to the north. There is an exit to the south. Don't worry, it is unguarded. There is an exit to the west. Don't worry, it is unblocked.",0,False
55,go east,"We are currently in the Silent Studio, and we need to find the coin. We have an unblocked exit to the north, an unguarded exit to the south, and an unblocked exit to the west.

Since we are in the Silent Studio, we should try to explore other rooms to see if the coin is there. We can go east to see if it leads us to the coin, or we can go south to explore other rooms.

However, we should also consider the possibility that the coin is in the room we are currently in. If that's the case, we should try to take the coin.

We should also consider the fact that all the exits are either unblocked or unguarded, which means we can go in any direction without any obstacles. This gives us a lot of flexibility in our exploration.

Considering all the options, we should try to go east first and see if it leads us to the coin.

ACTION: go east","-= Cellar =-
You find yourself in a cellar. An ordinary one.



You need an unguarded exit? You should try going west.",0,False
56,go west,"We are currently in the Cellar, and we need to find the coin. We have an unguarded exit to the west.

Since we are in the Cellar, we should try to explore other rooms to see if the coin is there. We can go west to see if it leads us to the coin.

However, we should also consider the possibility that the coin is in the room we are currently in. If that's the case, we should try to take the coin.

We should also consider the fact that all the exits are either unblocked or unguarded, which means we can go in any direction without any obstacles. This gives us a lot of flexibility in our exploration.

Considering all the options, we should try to go west first and see if it leads us to the coin.

ACTION: go west","-= Silent Studio =-
You find yourself in a studio. A silent one.



You need an unguarded exit? You should try going east. There is an unblocked exit to the north. There is an exit to the south. Don't worry, it is unguarded. There is an exit to the west. Don't worry, it is unblocked.",0,False
57,go south,"We are currently in the Silent Studio, and we need to find the coin. We have an unguarded exit to the south, an unblocked exit to the north, and an unblocked exit to the west.

Since we are in the Silent Studio, we should try to explore other rooms to see if the coin is there. We can go south to see if it leads us to the coin.

However, we should also consider the possibility that the coin is in the room we are currently in. If that's the case, we should try to take the coin.

We should also consider the fact that all the exits are either unblocked or unguarded, which means we can go in any direction without any obstacles. This gives us a lot of flexibility in our exploration.

Considering all the options, we should try to go south first and see if it leads us to the coin.

ACTION: go south","-= Fun Recreation Zone =-
You arrive in a recreation zone. A fun kind of place.



You need an unblocked exit? You should try going east. There is an unblocked exit to the north. There is an unguarded exit to the south. You don't like doors? Why not try going west, that entranceway is unguarded.",0,False
58,go north,"We are currently in the Fun Recreation Zone, and we need to find the coin. We have an unblocked exit to the north, an unguarded exit to the south, and an unguarded exit to the west.

Since we are in the Fun Recreation Zone, we should try to explore other rooms to see if the coin is there. We can go north to see if it leads us to the coin.

However, we should also consider the possibility that the coin is in the room we are currently in. If that's the case, we should try to take the coin.

We should also consider the fact that all the exits are either unblocked or unguarded, which means we can go in any direction without any obstacles. This gives us a lot of flexibility in our exploration.

Considering all the options, we should try to go north first and see if it leads us to the coin.

ACTION: go north","-= Silent Studio =-
You find yourself in a studio. A silent one.



You need an unguarded exit? You should try going east. There is an unblocked exit to the north. There is an exit to the south. Don't worry, it is unguarded. There is an exit to the west. Don't worry, it is unblocked.",0,False
59,go north,"We are currently in the Silent Studio, and we need to find the coin. We have an unblocked exit to the north, an unguarded exit to the south, and an unblocked exit to the west.

Since we are in the Silent Studio, we should try to explore other rooms to see if the coin is there. We can go north to see if it leads us to the coin, or we can go south to see if it leads us to the coin.

However, we should also consider the possibility that the coin is in the room we are currently in. If that's the case, we should try to take the coin.

We should also consider the fact that all the exits are either unblocked or unguarded, which means we can go in any direction without any obstacles. This gives us a lot of flexibility in our exploration.

Considering all the options, we should try to go north first and see if it leads us to the coin.

ACTION: go north","-= Pantry =-
You are in a pantry. An usual one. You try to gain information on your surroundings by using a technique you call ""looking.""



You don't like doors? Why not try going south, that entranceway is unblocked.",0,False
60,go south,"We are currently in the Pantry, and we need to find the coin. We have an unblocked exit to the south.

Since we are in the Pantry, we should try to explore other rooms to see if the coin is there. We can go south to see if it leads us to the coin.

However, we should also consider the possibility that the coin is in the room we are currently in. If that's the case, we should try to take the coin.

We should also consider the fact that all the exits are either unblocked or unguarded, which means we can go in any direction without any obstacles. This gives us a lot of flexibility in our exploration.

Considering all the options, we should try to go south first and see if it leads us to the coin.

ACTION: go south","-= Silent Studio =-
You find yourself in a studio. A silent one.



You need an unguarded exit? You should try going east. There is an unblocked exit to the north. There is an exit to the south. Don't worry, it is unguarded. There is an exit to the west. Don't worry, it is unblocked.",0,False
61,go east,"We are currently in the Silent Studio, and we need to find the coin. We have several options to explore:

1. We can go east to see if it leads us to the coin.
2. We can go north to see if it leads us to the coin.
3. We can go south to see if it leads us to the coin.
4. We can go west to see if it leads us to the coin.

Considering the options, we should try to explore the rooms that are most likely to have the coin. Since we don't have any information about the coin's location, we should try to explore all the rooms that are accessible from the Silent Studio.

We should also consider the fact that we have 2 steps left to find the coin. We should try to find the coin as quickly as possible.

ACTION: go east","-= Cellar =-
You find yourself in a cellar. An ordinary one.



You need an unguarded exit? You should try going west.",0,False
62,go west,"We are currently in the Cellar, and we need to find the coin. We have 2 steps left to find the coin. We should try to find the coin as quickly as possible.

Since we are in the Cellar, we should try to find a way to get back to the Silent Studio, where we had more options to explore. We can go west to get back to the Silent Studio.

ACTION: go west","-= Silent Studio =-
You find yourself in a studio. A silent one.



You need an unguarded exit? You should try going east. There is an unblocked exit to the north. There is an exit to the south. Don't worry, it is unguarded. There is an exit to the west. Don't worry, it is unblocked.",0,False
63,go north,"We are currently in the Silent Studio, and we need to find the coin. We have 1 step left to find the coin. We should try to find the coin as quickly as possible.

Since we are in the Silent Studio, we have multiple options to explore. However, we should prioritize the unguarded exit to the south, as it might lead us to the coin.

Let's analyze the options:
- Going east might lead us to a dead end or a blocked exit.
- Going north might lead us to a new area, but it's an unblocked exit, so it's a good option.
- Going west is an unblocked exit, but we've been there before, and it might not lead us to the coin.

Considering the options, we should go north to explore a new area and potentially find the coin.

ACTION: go north","-= Pantry =-
You are in a pantry. An usual one. You try to gain information on your surroundings by using a technique you call ""looking.""



You don't like doors? Why not try going south, that entranceway is unblocked.",0,False
64,go south,"We are currently in the Pantry, and we need to find the coin. We have 1 step left to find the coin. We should try to find the coin as quickly as possible.

Since we are in the Pantry, we have a clear path to the south, which is an unblocked exit. This is our best option to explore a new area and potentially find the coin.

However, we should also consider the fact that we've been in the Silent Studio before, and it had multiple exits, including an unguarded exit to the south. It's possible that the Pantry is connected to the Silent Studio, and going south might lead us back to the Silent Studio.

To confirm this, we should go south and see where it takes us.

ACTION: go south","-= Silent Studio =-
You find yourself in a studio. A silent one.



You need an unguarded exit? You should try going east. There is an unblocked exit to the north. There is an exit to the south. Don't worry, it is unguarded. There is an exit to the west. Don't worry, it is unblocked.",0,False
65,go south,"We are currently in the Silent Studio, and we need to find the coin. We have 1 step left to find the coin. We should try to find the coin as quickly as possible.

Since we are in the Silent Studio, we have multiple options to explore. We can go east, north, south, or west. However, we should prioritize the unguarded exit, as it might lead us to a new area.

Let's analyze the options:

- Going east: This might lead us to a new area, but we don't know what's on the other side.
- Going north: This might lead us back to the Pantry or another area, but we don't know what's on the other side.
- Going south: This is an unguarded exit, which means it's a safe option. We can try going south and see where it takes us.
- Going west: This is an unblocked exit, but we've been in this area before, and it might not lead us to the coin.

Considering the options, going south is the safest and most promising option. We can try going south and see where it takes us.

ACTION: go south","-= Fun Recreation Zone =-
You arrive in a recreation zone. A fun kind of place.



You need an unblocked exit? You should try going east. There is an unblocked exit to the north. There is an unguarded exit to the south. You don't like doors? Why not try going west, that entranceway is unguarded.",0,False
66,go west,"We are currently in the Fun Recreation Zone, and we need to find the coin. We have 1 step left to find the coin. We should try to find the coin as quickly as possible.

Since we are in the Fun Recreation Zone, we have multiple options to explore. We can go east, north, south, or west. However, we should prioritize the unguarded exit, as it might lead us to a new area.

Let's analyze the options:

- Going east: This might lead us to a new area, but we don't know what's on the other side.
- Going north: This might lead us back to the Silent Studio or another area, but we don't know what's on the other side.
- Going south: This is an unguarded exit, which means it's a safe option. We can try going south and see where it takes us.
- Going west: This is an unguarded exit, which means it's a safe option. We can try going west and see where it takes us.

Considering the options, going west is a good option because it's unguarded and we haven't explored this area before. We can try going west and see where it takes us.

ACTION: go west","-= Upsettingly Hot Kitchen =-
You're now in an upsettingly hot kitchen.



There is an exit to the east. Don't worry, it is unguarded.",0,False
67,go east,"We are currently in the Upsettingly Hot Kitchen, and we need to find the coin. We have 1 step left to find the coin. We should try to find the coin as quickly as possible.

Since we are in the Upsettingly Hot Kitchen, we have multiple options to explore. We can go east, but we don't know what's on the other side.

However, considering our previous observations, we have been in the Silent Studio, the Pantry, the Cellar, the Fun Recreation Zone, and now the Upsettingly Hot Kitchen. We haven't found the coin yet, and we are running out of steps.

Given the situation, our best course of action is to go back to the Silent Studio, where we had multiple unguarded exits and a chance to explore different areas. We can try going back to the Silent Studio and see if we can find the coin.

ACTION: go east","-= Fun Recreation Zone =-
You arrive in a recreation zone. A fun kind of place.



You need an unblocked exit? You should try going east. There is an unblocked exit to the north. There is an unguarded exit to the south. You don't like doors? Why not try going west, that entranceway is unguarded.",0,False
68,go east,"We are currently in the Fun Recreation Zone, and we need to find the coin. We have 1 step left to find the coin. We should try to find the coin as quickly as possible.

Since we are in the Fun Recreation Zone, we have multiple options to explore. We can go east, but we don't know what's on the other side. We can also go north, but we don't know what's on the other side. We can go south, but we don't know what's on the other side. We can also go west, but we don't know what's on the other side.

However, considering our previous observations, we have been in the Silent Studio, the Pantry, the Cellar, the Fun Recreation Zone, and now the Upsettingly Hot Kitchen, and then back to the Fun Recreation Zone. We haven't found the coin yet, and we are running out of steps.

Given the situation, our best course of action is to go east, as it is an unblocked exit. This will give us a chance to explore a new area and potentially find the coin.

ACTION: go east","-= Super Hot Kitchenette =-
You're now in a super hot kitchenette. Okay, just remember what you're here to do, and everything will go great.



There is an unblocked exit to the west.",0,False
69,go west,"We are currently in the Super Hot Kitchenette, and we need to find the coin. We have 1 step left to find the coin. We should try to find the coin as quickly as possible.

Since we are in the Super Hot Kitchenette, we have an unblocked exit to the west. This means we can go back to the previous area, which is the Upsettingly Hot Kitchen.

However, considering our previous observations, we have been in the Silent Studio, the Pantry, the Cellar, the Fun Recreation Zone, the Upsettingly Hot Kitchen, and now the Super Hot Kitchenette. We haven't found the coin yet, and we are running out of steps.

Given the situation, our best course of action is to go back to the Upsettingly Hot Kitchen, as it is the last area we visited before coming to the Super Hot Kitchenette. We might have missed something or the coin might be there.

ACTION: go west","-= Fun Recreation Zone =-
You arrive in a recreation zone. A fun kind of place.



You need an unblocked exit? You should try going east. There is an unblocked exit to the north. There is an unguarded exit to the south. You don't like doors? Why not try going west, that entranceway is unguarded.",0,False
70,go north,"We are currently in the Fun Recreation Zone, and we need to find the coin. We have 1 step left to find the coin. We should try to find the coin as quickly as possible.

Since we are in the Fun Recreation Zone, we have an unblocked exit to the north, an unguarded exit to the south, and an unguarded exit to the west. We should try to explore these exits to find the coin.

However, considering our previous observations, we have been in the Silent Studio, the Pantry, the Cellar, the Fun Recreation Zone, the Upsettingly Hot Kitchen, and now the Super Hot Kitchenette, and then back to the Fun Recreation Zone. We haven't found the coin yet, and we are running out of steps.

Given the situation, our best course of action is to go north, as it is the only unblocked exit that we haven't explored yet. We might find the coin or get closer to it.

ACTION: go north","-= Silent Studio =-
You find yourself in a studio. A silent one.



You need an unguarded exit? You should try going east. There is an unblocked exit to the north. There is an exit to the south. Don't worry, it is unguarded. There is an exit to the west. Don't worry, it is unblocked.",0,False
71,go south,"We are currently in the Silent Studio, and we need to find the coin. We have 1 step left to find the coin. We should try to find the coin as quickly as possible.

Since we are in the Silent Studio, we have an unblocked exit to the north, an unguarded exit to the south, and an unblocked exit to the west. We should try to explore these exits to find the coin.

However, considering our previous observations, we have been in the Silent Studio before, and we didn't find the coin. We should try to explore a different exit.

Given the situation, our best course of action is to go south, as it is the only unguarded exit that we haven't explored yet in this room. We might find the coin or get closer to it.

ACTION: go south","-= Fun Recreation Zone =-
You arrive in a recreation zone. A fun kind of place.



You need an unblocked exit? You should try going east. There is an unblocked exit to the north. There is an unguarded exit to the south. You don't like doors? Why not try going west, that entranceway is unguarded.",0,False
72,go north,"We are currently in the Fun Recreation Zone, and we need to find the coin. We have 1 step left to find the coin. We should try to find the coin as quickly as possible.

Since we are in the Fun Recreation Zone, we have an unblocked exit to the north, an unguarded exit to the south, and an unguarded exit to the west. We should try to explore these exits to find the coin.

However, considering our previous observations, we have been in the Fun Recreation Zone before, and we didn't find the coin. We should try to explore a different exit.

Given the situation, our best course of action is to go north, as it is the only unblocked exit that we haven't explored yet in this room. We might find the coin or get closer to it.

ACTION: go north","-= Silent Studio =-
You find yourself in a studio. A silent one.



You need an unguarded exit? You should try going east. There is an unblocked exit to the north. There is an exit to the south. Don't worry, it is unguarded. There is an exit to the west. Don't worry, it is unblocked.",0,False
73,go east,"We are currently in the Silent Studio, and we need to find the coin. We have 1 step left to find the coin. We should try to find the coin as quickly as possible.

Since we are in the Silent Studio, we have an unblocked exit to the north, an unguarded exit to the south, and an unblocked exit to the west. We should try to explore these exits to find the coin.

However, considering our previous observations, we have been in the Silent Studio before, and we didn't find the coin. We should try to explore a different exit.

We should go east, as it is the only unguarded exit that we haven't explored yet in this room. We might find the coin or get closer to it.

ACTION: go east","-= Cellar =-
You find yourself in a cellar. An ordinary one.



You need an unguarded exit? You should try going west.",0,False
74,go west,"We are currently in the Cellar, and we need to find the coin. We have 1 step left to find the coin. We should try to find the coin as quickly as possible.

Since we are in the Cellar, we have an unguarded exit to the west. We should try to explore this exit to find the coin.

We should go west, as it is the only unguarded exit that we haven't explored yet in this room. We might find the coin or get closer to it.

ACTION: go west","-= Silent Studio =-
You find yourself in a studio. A silent one.



You need an unguarded exit? You should try going east. There is an unblocked exit to the north. There is an exit to the south. Don't worry, it is unguarded. There is an exit to the west. Don't worry, it is unblocked.",0,False
75,go south,"We are currently in the Silent Studio, and we need to find the coin. We have 1 step left to find the coin. We should try to find the coin as quickly as possible.

Since we are in the Silent Studio, we have an unguarded exit to the south. We should try to explore this exit to find the coin.

We should go south, as it is the only unguarded exit that we haven't explored yet in this room. We might find the coin or get closer to it.

ACTION: go south","-= Fun Recreation Zone =-
You arrive in a recreation zone. A fun kind of place.



You need an unblocked exit? You should try going east. There is an unblocked exit to the north. There is an unguarded exit to the south. You don't like doors? Why not try going west, that entranceway is unguarded.",0,False
76,go north,"We are currently in the Fun Recreation Zone, and we need to find the coin. We have 1 step left to find the coin. We should try to find the coin as quickly as possible.

Since we are in the Fun Recreation Zone, we have an unguarded exit to the south. We should try to explore this exit to find the coin.

However, we also have an unblocked exit to the north, which might lead us to the coin. We should prioritize this exit over the unguarded exit to the south.

We should go north, as it is the most promising exit that we haven't explored yet in this room. We might find the coin or get closer to it.

ACTION: go north","-= Silent Studio =-
You find yourself in a studio. A silent one.



You need an unguarded exit? You should try going east. There is an unblocked exit to the north. There is an exit to the south. Don't worry, it is unguarded. There is an exit to the west. Don't worry, it is unblocked.",0,False
77,go south,"We are currently in the Silent Studio, and we need to find the coin. We have 1 step left to find the coin. We should try to find the coin as quickly as possible.

Since we are in the Silent Studio, we have an unblocked exit to the west, an unguarded exit to the south, and an unblocked exit to the north. We should prioritize the unguarded exit to the south, as it is the most promising exit that we haven't explored yet in this room.

We should go south, as it is the most promising exit that we haven't explored yet in this room. We might find the coin or get closer to it.

ACTION: go south","-= Fun Recreation Zone =-
You arrive in a recreation zone. A fun kind of place.



You need an unblocked exit? You should try going east. There is an unblocked exit to the north. There is an unguarded exit to the south. You don't like doors? Why not try going west, that entranceway is unguarded.",0,False
78,go east,"We are currently in the Fun Recreation Zone, and we need to find the coin. We have 1 step left to find the coin. We should try to find the coin as quickly as possible.

Since we are in the Fun Recreation Zone, we have an unblocked exit to the east, an unblocked exit to the north, an unguarded exit to the south, and an unguarded exit to the west. We should prioritize the unguarded exit to the south, as it is the most promising exit that we haven't explored yet in this room.

However, we should also consider the fact that we are running out of steps, and we need to find the coin as quickly as possible. We should try to find the coin in the current room if possible.

Since we are in the Fun Recreation Zone, we should try to find the coin in this room. However, we don't have any information about the coin being in this room. We should try to explore the room and see if we can find any clues about the coin.

We can try to go east, as it is an unblocked exit, and it might lead us to the coin. However, we should also consider the fact that we are running out of steps, and we need to find the coin as quickly as possible.

ACTION: go east","-= Super Hot Kitchenette =-
You're now in a super hot kitchenette. Okay, just remember what you're here to do, and everything will go great.



There is an unblocked exit to the west.",0,False
79,take coin,"We are currently in the Super Hot Kitchenette, and we need to find the coin. We have 1 step left to find the coin. We should try to find the coin as quickly as possible.

Since we are in the Super Hot Kitchenette, we have an unblocked exit to the west. We should try to go west, as it is the only unblocked exit in this room.

However, we should also consider the fact that we are running out of steps, and we need to find the coin as quickly as possible. We should try to find the coin in the current room if possible.

Since we are in the Super Hot Kitchenette, we should try to find the coin in this room. However, we don't have any information about the coin being in this room. We should try to explore the room and see if we can find any clues about the coin.

We can try to take the coin if it is in the room.

ACTION: take coin",You can't see any such thing.,0,True
