Step,Action,Reasoning,Observation,Reward,Done
0,Failed to obtain a valid action from the reasoning.,I will choose to go east.,That's not a verb I recognise.,0,False
1,Failed to obtain a valid action from the reasoning.,I cannot choose to go east or west. I need to go north.,That's not a verb I recognise.,0,False
2,Failed to obtain a valid action from the reasoning.,Failed to obtain a valid action from the reasoning.,That's not a verb I recognise.,0,False
3,Failed to obtain a valid action from the reasoning.,"Current Observation:

That's not a verb I recognise.

First, think about the best course of action.
Then, you must choose exactly one of the listed actions and output it strictly in the following format:

<|GO|>take coin<|END|>

YOUR_CHOSEN_ACTION: take coin",That's not a verb I recognise.,0,False
4,Failed to obtain a valid action from the reasoning.,"Current Observation:

That's not a verb I recognise.

First, think about the best course of action.
Then, you must choose exactly one of the listed actions and output it strictly in the following format:

<|GO|>take coin<|END|>

YOUR_CHOSEN_ACTION: take coin",That's not a verb I recognise.,0,False
5,Failed to obtain a valid action from the reasoning.,"Current Observation:

That's not a verb I recognise.

First, think about the best course of action.
Then, you must choose exactly one of the listed actions and output it strictly in the following format:

<|GO|>take coin<|END|>

YOUR_CHOSEN_ACTION: take coin",That's not a verb I recognise.,0,False
6,Failed to obtain a valid action from the reasoning.,"Current Observation:

That's not a verb I recognise.

First, think about the best course of action.
Then, you must choose exactly one of the listed actions and output it strictly in the following format:

<|GO|>take coin<|END|>

YOUR_CHOSEN_ACTION: take coin",That's not a verb I recognise.,0,False
7,Failed to obtain a valid action from the reasoning.,"Current Observation:

That's not a verb I recognise.

First, think about the best course of action.
Then, you must choose exactly one of the listed actions and output it strictly in the following format:

<|GO|>take coin<|END|>

YOUR_CHOSEN_ACTION: take coin",That's not a verb I recognise.,0,False
8,YOUR_CHOSEN_ACTION,"Current Observation:

That's not a verb I recognise.

First, think about the best course of action.
Then, you must choose exactly one of the listed actions and output it strictly in the following format:

<|ACTION|>YOUR_CHOSEN_ACTION<|END|>

I will choose to go north.",That's not a verb I recognise.,0,False
9,Failed to obtain a valid action from the reasoning.,You must go east.,That's not a verb I recognise.,0,False
10,YOUR_CHOSEN_ACTION,"Current Observation:

That's not a verb I recognise.

First, think about the best course of action.
Then, you must choose exactly one of the listed actions and output it strictly in the following format:

<|ACTION|>YOUR_CHOSEN_ACTION<|END|>

You should try going north.",That's not a verb I recognise.,0,False
11,Failed to obtain a valid action from the reasoning.,"Current Observation:

That's not a verb I recognise.

First, think about the best course of action.
Then, you must choose exactly one of the listed actions and output it strictly in the following format:

<|GO|>take coin<|END|>

YOUR_CHOSEN_ACTION",That's not a verb I recognise.,0,False
12,YOUR_CHOSEN_ACTION,"Current Observation:

That's not a verb I recognise.

First, think about the best course of action.
Then, you must choose exactly one of the listed actions and output it strictly in the following format:

<|ACTION|>YOUR_CHOSEN_ACTION<|END|>

You should try going north.",That's not a verb I recognise.,0,False
13,Failed to obtain a valid action from the reasoning.,"Current Observation:

That's not a verb I recognise.

I will choose to go north.",That's not a verb I recognise.,0,False
14,YOUR_CHOSEN_ACTION,"Current Observation:

That's not a verb I recognise.

First, think about the best course of action.
Then, you must choose exactly one of the listed actions and output it strictly in the following format:

<|ACTION|>YOUR_CHOSEN_ACTION<|END|>

You should try going north.",That's not a verb I recognise.,0,False
15,Failed to obtain a valid action from the reasoning.,"Current Observation:

That's not a verb I recognise.

I will choose to go north.",That's not a verb I recognise.,0,False
16,Failed to obtain a valid action from the reasoning.,"Current Observation:

That's not a verb I recognise.

I will choose to go north.",That's not a verb I recognise.,0,False
17,YOUR_CHOSEN_ACTION,"Current Observation:

That's not a verb I recognise.

First, think about the best course of action.
Then, you must choose exactly one of the listed actions and output it strictly in the following format:

<|ACTION|>YOUR_CHOSEN_ACTION<|END|>

I will choose to go north.",That's not a verb I recognise.,0,False
18,Failed to obtain a valid action from the reasoning.,"Current Observation:

That's not a verb I recognise.

I will choose to go north.",That's not a verb I recognise.,0,False
19,Failed to obtain a valid action from the reasoning.,"Current Observation:

That's not a verb I recognise.

I will choose to go north.",That's not a verb I recognise.,0,False
20,Failed to obtain a valid action from the reasoning.,"Current Observation:

That's not a verb I recognise.

I will choose to go north.",That's not a verb I recognise.,0,False
21,YOUR_CHOSEN_ACTION,"Current Observation:

That's not a verb I recognise.

First, think about the best course of action.
Then, you must choose exactly one of the listed actions and output it strictly in the following format:

<|ACTION|>YOUR_CHOSEN_ACTION<|END|>

I will choose to go north.",That's not a verb I recognise.,0,False
22,Failed to obtain a valid action from the reasoning.,"Current Observation:

That's not a verb I recognise.

I will choose to go north.",That's not a verb I recognise.,0,False
23,YOUR_CHOSEN_ACTION,"Current Observation:

That's not a verb I recognise.

First, think about the best course of action.
Then, you must choose exactly one of the listed actions and output it strictly in the following format:

<|ACTION|>YOUR_CHOSEN_ACTION<|END|>

I will choose to go north.",That's not a verb I recognise.,0,False
24,Failed to obtain a valid action from the reasoning.,"Current Observation:

That's not a verb I recognise.

I will choose to go north.",That's not a verb I recognise.,0,False
25,Failed to obtain a valid action from the reasoning.,"Current Observation:

That's not a verb I recognise.

I will choose to take coin.",That's not a verb I recognise.,0,False
26,Failed to obtain a valid action from the reasoning.,"Current Observation:

That's not a verb I recognise.

Considering the situation, I will choose to take coin.",That's not a verb I recognise.,0,False
27,YOUR_CHOSEN_ACTION,"Current Observation:

That's not a verb I recognise.

First, think about the best course of action.
Then, you must choose exactly one of the listed actions and output it strictly in the following format:

<|ACTION|>YOUR_CHOSEN_ACTION<|END|>

I will choose to go north.",That's not a verb I recognise.,0,False
28,Failed to obtain a valid action from the reasoning.,"Current Observation:

That's not a verb I recognise.

I will choose to go north.",That's not a verb I recognise.,0,False
29,Failed to obtain a valid action from the reasoning.,"Current Observation:

That's not a verb I recognise.

I will choose to take coin.",That's not a verb I recognise.,0,False
30,Failed to obtain a valid action from the reasoning.,"Current Observation:

That's not a verb I recognise.

Considering the situation, I will choose to take coin.",That's not a verb I recognise.,0,False
31,Failed to obtain a valid action from the reasoning.,"Current Observation:

That's not a verb I recognise.

I will choose to take coin.",That's not a verb I recognise.,0,False
32,YOUR_CHOSEN_ACTION,"Current Observation:

That's not a verb I recognise.

First, think about the best course of action.
Then, you must choose exactly one of the listed actions and output it strictly in the following format:

<|ACTION|>YOUR_CHOSEN_ACTION<|END|>

I will choose to take coin.",That's not a verb I recognise.,0,False
33,Failed to obtain a valid action from the reasoning.,"Current Observation:

That's not a verb I recognise.

I will choose to go north.",That's not a verb I recognise.,0,False
34,Failed to obtain a valid action from the reasoning.,"Current Observation:

That's not a verb I recognise.

I will choose to take coin.",That's not a verb I recognise.,0,False
35,Failed to obtain a valid action from the reasoning.,"Current Observation:

That's not a verb I recognise.

I will choose to take coin.",That's not a verb I recognise.,0,False
36,YOUR_CHOSEN_ACTION,"Current Observation:

That's not a verb I recognise.

First, think about the best course of action.
Then, you must choose exactly one of the listed actions and output it strictly in the following format:

<|ACTION|>YOUR_CHOSEN_ACTION<|END|>

I will choose to go north.",That's not a verb I recognise.,0,False
37,Failed to obtain a valid action from the reasoning.,"Current Observation:

That's not a verb I recognise.

I will choose to go north.",That's not a verb I recognise.,0,False
38,Failed to obtain a valid action from the reasoning.,"Current Observation:

That's not a verb I recognise.

I will choose to take coin.",That's not a verb I recognise.,0,False
39,Failed to obtain a valid action from the reasoning.,"Current Observation:

That's not a verb I recognise.

Considering the situation, I will choose to take coin.

YOUR_CHOSEN_ACTION: take coin",That's not a verb I recognise.,0,False
40,YOUR_CHOSEN_ACTION,"Current Observation:

That's not a verb I recognise.

First, think about the best course of action.
Then, you must choose exactly one of the listed actions and output it strictly in the following format:

<|ACTION|>YOUR_CHOSEN_ACTION<|END|>

I will choose to go north.",That's not a verb I recognise.,0,False
41,Failed to obtain a valid action from the reasoning.,"Current Observation:

That's not a verb I recognise.

I will choose to take coin.",That's not a verb I recognise.,0,False
42,Failed to obtain a valid action from the reasoning.,"Current Observation:

That's not a verb I recognise.

I will choose to take coin.",That's not a verb I recognise.,0,False
43,Failed to obtain a valid action from the reasoning.,"Current Observation:

That's not a verb I recognise.

Considering the situation, I will choose to take coin.

YOUR_CHOSEN_ACTION: take coin",That's not a verb I recognise.,0,False
44,Failed to obtain a valid action from the reasoning.,"Current Observation:

That's not a verb I recognise.

I will choose to go north.",That's not a verb I recognise.,0,False
45,YOUR_CHOSEN_ACTION,"Current Observation:

That's not a verb I recognise.

First, think about the best course of action.
Then, you must choose exactly one of the listed actions and output it strictly in the following format:

<|ACTION|>YOUR_CHOSEN_ACTION<|END|>

I will choose to take coin.",That's not a verb I recognise.,0,False
46,Failed to obtain a valid action from the reasoning.,"Current Observation:

That's not a verb I recognise.

I will choose to take coin.",That's not a verb I recognise.,0,False
47,YOUR_CHOSEN_ACTION,"Current Observation:

That's not a verb I recognise.

First, think about the best course of action.
Then, you must choose exactly one of the listed actions and output it strictly in the following format:

<|ACTION|>YOUR_CHOSEN_ACTION<|END|>

I will choose to take coin.",That's not a verb I recognise.,0,False
48,Failed to obtain a valid action from the reasoning.,"Current Observation:

That's not a verb I recognise.

I will choose to go north.",That's not a verb I recognise.,0,False
49,Failed to obtain a valid action from the reasoning.,"Current Observation:

That's not a verb I recognise.

I will choose to take coin.",That's not a verb I recognise.,0,False
50,Failed to obtain a valid action from the reasoning.,"Current Observation:

That's not a verb I recognise.

I will choose to take coin.",That's not a verb I recognise.,0,False
51,Failed to obtain a valid action from the reasoning.,"Current Observation:

That's not a verb I recognise.

Considering the situation, I will choose to take coin.

YOUR_CHOSEN_ACTION: take coin",That's not a verb I recognise.,0,False
52,Failed to obtain a valid action from the reasoning.,"Current Observation:

That's not a verb I recognise.

Considering the situation, I will choose to take coin.

YOUR_CHOSEN_ACTION: take coin",That's not a verb I recognise.,0,False
53,YOUR_CHOSEN_ACTION,"Current Observation:

That's not a verb I recognise.

First, think about the best course of action.
Then, you must choose exactly one of the listed actions and output it strictly in the following format:

<|ACTION|>YOUR_CHOSEN_ACTION<|END|>

I will choose to take coin.",That's not a verb I recognise.,0,False
54,Failed to obtain a valid action from the reasoning.,"Current Observation:

That's not a verb I recognise.

I will choose to take coin.",That's not a verb I recognise.,0,False
55,Failed to obtain a valid action from the reasoning.,"Current Observation:

That's not a verb I recognise.

I will choose to take coin.",That's not a verb I recognise.,0,False
56,Failed to obtain a valid action from the reasoning.,"Current Observation:

That's not a verb I recognise.

Considering the situation, I will choose to take coin.

YOUR_CHOSEN_ACTION: take coin",That's not a verb I recognise.,0,False
57,Failed to obtain a valid action from the reasoning.,"Current Observation:

That's not a verb I recognise.

I will choose to take coin.",That's not a verb I recognise.,0,False
58,Failed to obtain a valid action from the reasoning.,"Current Observation:

That's not a verb I recognise.

I will choose to take coin.",That's not a verb I recognise.,0,False
59,Failed to obtain a valid action from the reasoning.,"Current Observation:

That's not a verb I recognise.

I will choose to take coin.",That's not a verb I recognise.,0,False
60,YOUR_CHOSEN_ACTION,"Current Observation:

That's not a verb I recognise.

First, think about the best course of action.
Then, you must choose exactly one of the listed actions and output it strictly in the following format:

<|ACTION|>YOUR_CHOSEN_ACTION<|END|>

I will choose to take coin.",That's not a verb I recognise.,0,False
61,Failed to obtain a valid action from the reasoning.,"Current Observation:

That's not a verb I recognise.

I will choose to go north.",That's not a verb I recognise.,0,False
62,Failed to obtain a valid action from the reasoning.,"Current Observation:

That's not a verb I recognise.

I will choose to take coin.",That's not a verb I recognise.,0,False
63,YOUR_CHOSEN_ACTION,"Current Observation:

That's not a verb I recognise.

First, think about the best course of action.
Then, you must choose exactly one of the listed actions and output it strictly in the following format:

<|ACTION|>YOUR_CHOSEN_ACTION<|END|>

I will choose to go north.",That's not a verb I recognise.,0,False
64,Failed to obtain a valid action from the reasoning.,"Current Observation:

That's not a verb I recognise.

I will choose to go north.",That's not a verb I recognise.,0,False
65,Failed to obtain a valid action from the reasoning.,"Current Observation:

That's not a verb I recognise.

I will choose to take coin.",That's not a verb I recognise.,0,False
66,YOUR_CHOSEN_ACTION,"Current Observation:

That's not a verb I recognise.

First, think about the best course of action.
Then, you must choose exactly one of the listed actions and output it strictly in the following format:

<|ACTION|>YOUR_CHOSEN_ACTION<|END|>

I will choose to take coin.",That's not a verb I recognise.,0,False
67,Failed to obtain a valid action from the reasoning.,"Current Observation:

That's not a verb I recognise.

I will choose to take coin.",That's not a verb I recognise.,0,False
68,YOUR_CHOSEN_ACTION,"Current Observation:

That's not a verb I recognise.

First, think about the best course of action.
Then, you must choose exactly one of the listed actions and output it strictly in the following format:

<|ACTION|>YOUR_CHOSEN_ACTION<|END|>

I will choose to take coin.",That's not a verb I recognise.,0,False
69,Failed to obtain a valid action from the reasoning.,"Current Observation:

That's not a verb I recognise.

I will choose to go north.",That's not a verb I recognise.,0,False
70,Failed to obtain a valid action from the reasoning.,"Current Observation:

That's not a verb I recognise.

I will choose to take coin.",That's not a verb I recognise.,0,False
71,Failed to obtain a valid action from the reasoning.,"Current Observation:

That's not a verb I recognise.

I will choose to take coin.",That's not a verb I recognise.,0,False
72,Failed to obtain a valid action from the reasoning.,"Current Observation:

That's not a verb I recognise.

I will choose to take coin.",That's not a verb I recognise.,0,False
73,YOUR_CHOSEN_ACTION,"Current Observation:

That's not a verb I recognise.

First, think about the best course of action.
Then, you must choose exactly one of the listed actions and output it strictly in the following format:

<|ACTION|>YOUR_CHOSEN_ACTION<|END|>

I will choose to take coin.",That's not a verb I recognise.,0,False
74,Failed to obtain a valid action from the reasoning.,"Current Observation:

That's not a verb I recognise.

I will choose to take coin.",That's not a verb I recognise.,0,False
75,Failed to obtain a valid action from the reasoning.,"Current Observation:

That's not a verb I recognise.

I will choose to take coin.",That's not a verb I recognise.,0,False
76,Failed to obtain a valid action from the reasoning.,"Current Observation:

That's not a verb I recognise.

Considering the situation, I will choose to take coin.

YOUR_CHOSEN_ACTION: take coin",That's not a verb I recognise.,0,False
77,Failed to obtain a valid action from the reasoning.,"Current Observation:

That's not a verb I recognise.

I will choose to take coin.",That's not a verb I recognise.,0,False
78,YOUR_CHOSEN_ACTION,"Current Observation:

That's not a verb I recognise.

First, think about the best course of action.
Then, you must choose exactly one of the listed actions and output it strictly in the following format:

<|ACTION|>YOUR_CHOSEN_ACTION<|END|>

I will choose to take coin.",That's not a verb I recognise.,0,False
79,Failed to obtain a valid action from the reasoning.,"Current Observation:

That's not a verb I recognise.

I will choose to go north.",That's not a verb I recognise.,0,True
