Step,Action,Reasoning,Observation,Reward,Done
0,Failed to obtain a valid action from the reasoning.,"I will choose to go north.

=|= Basement =|=",That's not a verb I recognise.,0,False
1,Failed to obtain a valid action from the reasoning.,You must go north.,That's not a verb I recognise.,0,False
2,Failed to obtain a valid action from the reasoning.,You must go north.,That's not a verb I recognise.,0,False
3,Failed to obtain a valid action from the reasoning.,"Current Observation:

That's not a verb I recognise.

First, think about the best course of action.
Then, you must choose exactly one of the listed actions and output it strictly in the following format:

look: describe the current room. goal: print the goal of this game
inventory: print the player’s inventory go <dir>: move the player north, east, south, or west. You can only go in the direction indicated with an exit or a door. open ...: open a door or a container. You need to open a closed door before you want to go through it. drop ...: drop an object on the floor take ...: take an object that is visible. put ... on ...: place an object on a supporter take ... from ...: take an object from a container insert ... into ...: place an object into a container unlock ... with ...: unlock a door or a container with a key. You need to unlock a locked door with a matched key in your inventory before you want to open it.",That's not a verb I recognise.,0,False
4,YOUR_CHOSEN_ACTION,"Current Observation:

That's not a verb I recognise.

First, think about the best course of action.
Then, you must choose exactly one of the listed actions and output it strictly in the following format:

<|ACTION|>YOUR_CHOSEN_ACTION<|END|>

I will choose to go north.",That's not a verb I recognise.,0,False
5,Failed to obtain a valid action from the reasoning.,You must go north.,That's not a verb I recognise.,0,False
6,Failed to obtain a valid action from the reasoning.,You must go north.,That's not a verb I recognise.,0,False
7,YOUR_CHOSEN_ACTION,"Current Observation:

That's not a verb I recognise.

First, think about the best course of action.
Then, you must choose exactly one of the listed actions and output it strictly in the following format:

<|ACTION|>YOUR_CHOSEN_ACTION<|END|>

You must go north.",That's not a verb I recognise.,0,False
8,Failed to obtain a valid action from the reasoning.,I think I need to go north.,That's not a verb I recognise.,0,False
9,Failed to obtain a valid action from the reasoning.,I think I need to go north.,That's not a verb I recognise.,0,False
10,Failed to obtain a valid action from the reasoning.,"I think about the best course of action.

I choose to go north.",That's not a verb I recognise.,0,False
11,Failed to obtain a valid action from the reasoning.,"I will think about the best course of action.

Considering the options, I think I will choose to open the door to the east.",That's not a verb I recognise.,0,False
12,Failed to obtain a valid action from the reasoning.,"I think I've got it.

I want to go north.

YOUR_CHOSEN_ACTION open -north",That's not a verb I recognise.,0,False
13,Failed to obtain a valid action from the reasoning.,"I think about the best course of action.

I choose to go north.",That's not a verb I recognise.,0,False
14,Failed to obtain a valid action from the reasoning.,"I will think about the best course of action.

Considering the options, I think I will choose to open the door to the east.",That's not a verb I recognise.,0,False
15,Failed to obtain a valid action from the reasoning.,"I will think about the best course of action.

Considering the options, I will choose to open the door to the east.

YOUR_CHOSEN_ACTION: open",That's not a verb I recognise.,0,False
16,Failed to obtain a valid action from the reasoning.,"Current Observation:

That's not a verb I recognise.

I will choose to ""look"" to see what the current room is like.",That's not a verb I recognise.,0,False
17,Failed to obtain a valid action from the reasoning.,"Current Observation:

That's not a verb I recognise.

I will choose to ""look"" to describe the current room.",That's not a verb I recognise.,0,False
18,Failed to obtain a valid action from the reasoning.,"Current Observation:

That's not a verb I recognise.

I will choose to open the door.",That's not a verb I recognise.,0,False
19,Failed to obtain a valid action from the reasoning.,"Current Observation:

That's not a verb I recognise.

I will choose to ""look"" to describe the current room.",That's not a verb I recognise.,0,False
20,YOUR_CHOSEN_ACTION,"Current Observation:

That's not a verb I recognise.

First, think about the best course of action.
Then, you must choose exactly one of the listed actions and output it strictly in the following format:

<|ACTION|>YOUR_CHOSEN_ACTION<|END|>

You can move north, east, south, or west.",That's not a verb I recognise.,0,False
21,Failed to obtain a valid action from the reasoning.,"Current Observation:

That's not a verb I recognise.

I will choose to open the door.YOUR_CHOSEN_ACTION",That's not a verb I recognise.,0,False
22,Failed to obtain a valid action from the reasoning.,"I will choose to ""look"" the current room.

YOUR_CHOSEN_ACTION: look
YOUR_CHOSEN_ACTION:YOUR_CHOSEN_ACTION
YOUR_CHOSEN_ACTION: look
YOUR_CHOSEN_ACTION:YOUR_CHOSEN_ACTION
YOUR_CHOSEN_ACTION:YOUR_CHOSEN_ACTION
YOUR_CHOSEN_ACTION:YOUR_CHOSEN_ACTION
YOUR_CHOSEN_ACTION:YOUR_CHOSEN_ACTION
YOUR_CHOSEN_ACTION:YOUR_CHOSEN_ACTION
YOUR_CHOSEN_ACTION:YOUR_CHOSEN_ACTION
YOUR_CHOSEN_ACTION:YOUR_CHOSEN_ACTION
YOUR_CHOSEN_ACTION:YOUR_CHOSEN_ACTION
YOUR_CHOSEN_ACTION:YOUR_CHOSEN_ACTION
YOUR_CHOSEN_ACTION:YOUR_CHOSEN_ACTION
YOUR_CHOSEN_ACTION:YOUR_CHOSEN_ACTION
YOUR_CHOSEN_ACTION:YOUR_CHOSEN_ACTION
YOUR_CHOSEN_ACTION:YOUR_CHOSEN_ACTION
YOUR_CHOSEN_ACTION:YOUR_CHOSEN_ACTION
YOUR_CHOSEN_ACTION:YOUR_CHOSEN_ACTION
YOUR_CHOSEN_ACTION:YOUR_CHOSEN_ACTION
YOUR_CHOSEN_ACTION:YOUR_CHOSEN_ACTION
YOUR_CHOSEN_ACTION:YOUR_CHOSEN_ACTION
YOUR_CHOSEN_ACTION:YOUR_CHOSEN_ACTION
YOUR_CHOSEN_ACTION:YOUR_CHOSEN_ACTION
YOUR_CHOSEN_ACTION:YOUR_CHOSEN_ACTION
YOUR_CHOSEN_ACTION:YOUR_CHOSEN_ACTION
YOUR_CHOSEN_ACTION:YOUR_CHOSEN_ACTION
YOUR_CHOSEN_ACTION:YOUR_CHOSEN_ACTION
YOUR_CHOSEN_ACTION:YOUR_CHOSEN_ACTION
YOUR_CHOSEN_ACTION:YOUR_CHOSEN_ACTION
YOUR_CHOSEN_ACTION:YOUR_CHOSEN_ACTION
YOUR_CHOSEN_ACTION:YOUR_CHOSEN_ACTION
YOUR_CHOSEN_ACTION:YOUR_CHOSEN_ACTION
YOUR_CHOSEN_ACTION:YOUR_CHOSEN_ACTION
YOUR_CHOSEN_ACTION:YOUR_CHOSEN_ACTION
YOUR_CHOSEN_ACTION:YOUR_CHOSEN_ACTION
YOUR_CHOSEN_ACTION:YOUR_CHOSEN_ACTION
YOUR_CHOSEN_ACTION:YOUR_CHOSEN_ACTION
YOUR_CHOSEN_ACTION:YOUR_CHOSEN_ACTION
YOUR_CHOSEN_ACTION:YOUR_CHOSEN_ACTION
YOUR_CHOSEN_ACTION:YOUR_CHOSEN_ACTION
YOUR_CHOSEN_ACTION:YOUR_CHOSEN_ACTION
YOUR_CHOSEN_ACTION:YOUR_CHOSEN_ACTION
YOUR_CHOSEN_ACTION:YOUR_CHOSEN_ACTION
YOUR_CHOSEN_ACTION:YOUR_CHOSEN_ACTION
YOUR_CHOSEN_ACTION:YOUR_CHOSEN_ACTION
YOUR_CHOSEN_ACTION:YOUR_CHOSEN_ACTION
YOUR_CHOSEN_ACTION:YOUR_CHOSEN_ACTION
YOUR_CHOSEN_ACTION:YOUR_CHOSEN_ACTION
YOUR_CHOSEN_ACTION:YOUR_CHOSEN_ACTION
YOUR_CHOSEN_ACTION:YOUR_CHOSEN_ACTION
YOUR_CHOSEN_ACTION:YOUR_CHOSEN_ACTION
YOUR_CHOSEN_ACTION:YOUR_CHOSEN_ACTION
YOUR_CHOSEN_ACTION:YOUR_CHOSEN_ACTION
YOUR_CHOSEN_ACTION:YOUR_CHOSEN_ACTION
YOUR_CHOSEN_ACTION:YOUR_CHOSEN_ACTION
YOUR_CHOSEN_ACTION:YOUR_CHOSEN_ACTION
YOUR_CHOSEN_ACTION:YOUR_CHOSEN_ACTION
YOUR_CHOSEN_ACTION:YOUR_CHOSEN_ACTION
YOUR_CHOSEN_ACTION:YOUR_CHOSEN_ACTION
YOUR_CHOSEN_ACTION:YOUR_CHOSEN_ACTION
YOUR_CHOSEN_ACTION:YOUR_CHOSEN_ACTION
YOUR_CHOSEN_ACTION:YOUR_CHOSEN_ACTION
YOUR_CHOSEN_ACTION:YOUR_CHOSEN_ACTION
YOUR_CHOSEN_ACTION:YOUR_CHOSEN_ACTION
YOUR_CHOSEN_ACTION:YOUR_CHOSEN_ACTION
YOUR_CHOSEN_ACTION:YOUR_CHOSEN_ACTION
YOUR_CHOSEN_ACTION:YOUR_CHOSEN_ACTION
YOUR_CHOSEN_ACTION:YOUR_CHOSEN_ACTION
YOUR_CHOSEN_ACTION:YOUR_CHOSEN_ACTION
YOUR_CHOSEN_ACTION:YOUR_CHOSEN_ACTION
YOUR_CHOSEN_ACTION:YOUR_CHOSEN_ACTION
YOUR_CHOSEN_ACTION:YOUR_CHOSEN_ACTION
YOUR_CHOSEN_ACTION:YOUR_CHOSEN_ACTION
YOUR_CHOSEN_ACTION:YOUR_CHOSEN_ACTION
YOUR_CHOSEN_ACTION:YOUR_CHOSEN_ACTION
YOUR_CHOSEN_ACTION:YOUR_CHOSEN_ACTION
YOUR_CHOSEN_ACTION:YOUR_CHOSEN_ACTION
YOUR_CHOSEN_ACTION:YOUR_CHOSEN_ACTION
YOUR_CHOSEN_ACTION:YOUR_CHOSEN_ACTION
YOUR_CHOSEN_ACTION:YOUR_CHOSEN_ACTION
YOUR_CHOSEN_ACTION:YOUR_CHOSEN_ACTION
YOUR_CHOSEN_ACTION:YOUR_CHOSEN_ACTION
YOUR_CHOSEN_ACTION:YOUR_CHOSEN_ACTION
YOUR_CHOSEN_ACTION:YOUR_CHOSEN_ACTION
YOUR_CHOSEN_ACTION:YOUR_CHOSEN_ACTION
YOUR_CHOSEN_ACTION:YOUR_CHOSEN_ACTION
YOUR_CHOSEN_ACTION:YOUR_CHOSEN_ACTION
YOUR_CHOSEN_ACTION:YOUR_CHOSEN_ACTION
YOUR_CHOSEN_ACTION:YOUR_CHOSEN_ACTION
YOUR_CHOSEN_ACTION:YOUR_CHOSEN_ACTION
YOUR_CHOSEN_ACTION:YOUR_CHOSEN_ACTION
YOUR_CHOSEN_ACTION:YOUR_CHOSEN_ACTION
YOUR_CHOSEN_ACTION:YOUR_CHOSEN_ACTION
YOUR_CHOSEN_ACTION:YOUR_CHOSEN_ACTION
YOUR_CHOSEN_ACTION:YOUR_CHOSEN_ACTION
YOUR_CHOSEN_ACTION:YOUR_CHOSEN_ACTION
YOUR_CHOSEN_ACTION:YOUR_CHOSEN_ACTION
YOUR_CHOSEN_ACTION:YOUR_CHOSEN_ACTION
YOUR_CHOSEN_ACTION:YOUR_CHOSEN_ACTION
YOUR_CHOSEN_ACTION:YOUR_CHOSEN_ACTION
YOUR_CHOSEN_ACTION:YOUR_CHOSEN_ACTION
YOUR_CHOSEN_ACTION:YOUR_CHOSEN_ACTION
YOUR_CHOSEN_ACTION:YOUR_CHOSEN_ACTION
YOUR_CHOSEN_ACTION:YOUR_CHOSEN_ACTION
YOUR_CHOSEN_ACTION:YOUR_CHOSEN_ACTION
YOUR_CHOSEN_ACTION:YOUR_CHOSEN_ACTION
YOUR_CHOSEN_ACTION:YOUR_CHOSEN_ACTION
YOUR_CHOSEN_ACTION:YOUR_CHOSEN_ACTION
YOUR_CHOSEN_ACTION:YOUR_CHOSEN_ACTION
YOUR_CHOSEN_ACTION:YOUR_CHOSEN_ACTION
YOUR_CHOSEN_ACTION:YOUR_CHOSEN_ACTION
YOUR_CHOSEN_ACTION:YOUR_CHOSEN_ACTION
YOUR_CHOSEN_ACTION:YOUR_CHOSEN_ACTION
YOUR_CHOSEN_ACTION:YOUR_CHOSEN_ACTION
YOUR_CHOSEN_ACTION:YOUR_CHOSEN_ACTION
YOUR_CHOSEN_ACTION:YOUR_CHOSEN_ACTION
YOUR_CHOSEN_ACTION:YOUR_CHOSEN_ACTION
YOUR_CHOSEN_ACTION:YOUR_CHOSEN_ACTION
YOUR_CHOSEN_ACTION:YOUR_CHOSEN_ACTION
YOUR_CHOSEN_ACTION:YOUR_CHOSEN_ACTION
YOUR_CHOSEN_ACTION:YOUR_CHOSEN_ACTION
YOUR_CHOSEN_ACTION:YOUR_CHOSEN_ACTION
YOUR_CHOSEN_ACTION:YOUR_CHOSEN_ACTION
YOUR_CHOSEN_ACTION:YOUR_CHOSEN_ACTION
YOUR_CHOSEN_ACTION:YOUR_CHOSEN_ACTION
YOUR_CHOSEN_ACTION:YOUR_CHOSEN_ACTION
YOUR_CHOSEN_ACTION:YOUR_CHOSEN_ACTION
YOUR_CHOSEN_ACTION:YOUR_CHOSEN_ACTION
YOUR_CHOSEN_ACTION:YOUR_CHOSEN_ACTION
YOUR_CHOSEN_ACTION:YOUR_CHOSEN_ACTION
YOUR_CHOSEN_ACTION:YOUR_CHOSEN_ACTION
YOUR_CHOSEN_ACTION:YOUR_CHOSEN_ACTION
YOUR_CHOSEN_ACTION:YOUR_CHOSEN_ACTION
YOUR_CHOSEN_ACTION:YOUR_CHOSEN_ACTION
YOUR_CHOSEN_ACTION:YOUR_CHOSEN_ACTION
YOUR_CHOSEN_ACTION:YOUR_CHOSEN_ACTION
YOUR_CHOSEN_ACTION:YOUR_CHOSEN_ACTION
YOUR_CHOSEN_ACTION:YOUR_CHOSEN_ACTION
YOUR_CHOSEN_ACTION:YOUR_CHOSEN_ACTION
YOUR_CHOSEN_ACTION:YOUR_CHOSEN_ACTION
YOUR_CHOSEN_ACTION:YOUR_CHOSEN_ACTION
YOUR_CHOSEN_ACTION:YOUR_CHOSEN_ACTION
YOUR_CHOSEN_ACTION:YOUR_CHOSEN_ACTION
YOUR_CHOSEN_ACTION:YOUR_CHOSEN_ACTION
YOUR_CHOSEN_ACTION:YOUR_CHOSEN_ACTION
YOUR_CHOSEN_ACTION:YOUR_CHOSEN_ACTION
YOUR_CHOSEN_ACTION:YOUR_CHOSEN_ACTION
YOUR_CHOSEN_ACTION:YOUR_CHOSEN_ACTION
YOUR_CHOSEN_ACTION:YOUR_CHOSEN_ACTION
YOUR_CHOSEN_ACTION:YOUR_CHOSEN_ACTION
YOUR_CHOSEN_ACTION:YOUR_CHOSEN_ACTION
YOUR_CHOSEN_ACTION:YOUR_CHOSEN_ACTION
YOUR_CHOSEN_ACTION:YOUR_CHOSEN_ACTION
YOUR_CHOSEN_ACTION:YOUR_CHOSEN_ACTION
YOUR_CHOSEN_ACTION:YOUR_CHOSEN_ACTION
YOUR_CHOSEN_ACTION:YOUR_CHOSEN_ACTION
YOUR_CHOSEN_ACTION:YOUR_CHOSEN_ACTION
YOUR_CHOSEN_ACTION:YOUR_CHOSEN_ACTION
YOUR_CHOSEN_ACTION:YOUR_CHOSEN_ACTION
YOUR_CHOSEN_ACTION:YOUR_CHOSEN_ACTION
YOUR_CHOSEN_ACTION:YOUR_CHOSEN_ACTION
YOUR_CHOSEN_ACTION:YOUR_CHOSEN_ACTION
YOUR_CHOSEN_ACTION:YOUR_CHOSEN_ACTION
YOUR_CHOSEN_ACTION:YOUR_CHOSEN_ACTION
YOUR_CHOSEN_ACTION:YOUR_CHOSEN_ACTION
YOUR_CHOSEN_ACTION:YOUR_CHOSEN_ACTION
YOUR_CHOSEN_ACTION:YOUR_CHOSEN_ACTION
YOUR_CHOSEN_ACTION:YOUR_CHOSEN_ACTION
YOUR_CHOSEN_ACTION:YOUR_CHOSEN_ACTION
YOUR_CHOSEN_ACTION:YOUR_CHOSEN_ACTION
YOUR_CHOSEN_ACTION:YOUR_CHOSEN_ACTION
YOUR_CHOSEN_ACTION:YOUR_CHOSEN_ACTION
YOUR_CHOSEN_ACTION:YOUR_CHOSEN_ACTION
YOUR_CHOSEN_ACTION:YOUR_CHOSEN_ACTION
YOUR_CHOSEN_ACTION:YOUR_CHOSEN_ACTION
YOUR_CHOSEN_ACTION:YOUR_CHOSEN_ACTION
YOUR_CHOSEN_ACTION:YOUR_CHOSEN_ACTION
YOUR_CHOSEN_ACTION:YOUR_CHOSEN_ACTION
YOUR_CHOSEN_ACTION:YOUR_CHOSEN_ACTION
YOUR_CHOSEN_ACTION:YOUR_CHOSEN_ACTION
YOUR_CHOSEN_ACTION:YOUR_CHOSEN_ACTION
YOUR_CHOSEN_ACTION:YOUR_CHOSEN_ACTION
YOUR_CHOSEN_ACTION:YOUR_CHOSEN_ACTION
YOUR_CHOSEN_ACTION:YOUR_CHOSEN_ACTION
YOUR_CHOSEN_ACTION:YOUR_CHOSEN_ACTION
YOUR_CHOSEN_ACTION:YOUR_CHOSEN_ACTION
YOUR_CHOSEN_ACTION:YOUR_CHOSEN_ACTION
YOUR_CHOSEN_ACTION:YOUR_CHOSEN_ACTION
YOUR_CHOSEN_ACTION:YOUR_CHOSEN_ACTION
YOUR_CHOSEN_ACTION:YOUR_CHOSEN_ACTION
YOUR_CHOSEN_ACTION:YOUR_CHOSEN_ACTION
YOUR_CHOSEN_ACTION:YOUR_CHOSEN_ACTION
YOUR_CHOSEN_ACTION:YOUR_CHOSEN_ACTION
YOUR_CHOSEN_ACTION:YOUR_CHOSEN_ACTION
YOUR_CHOSEN_ACTION:YOUR_CHOSEN_ACTION
YOUR_CHOSEN_ACTION:YOUR_CHOSEN_ACTION
YOUR_CHOSEN_ACTION:YOUR_CHOSEN_ACTION
YOUR_CHOSEN_ACTION:YOUR_CHOSEN_ACTION
YOUR_CHOSEN_ACTION:YOUR_CHOSEN_ACTION
YOUR_CHOSEN_ACTION:YOUR_CHOSEN_ACTION
YOUR_CHOSEN_ACTION:YOUR_CHOSEN_ACTION
YOUR_CHOSEN_ACTION:YOUR_CHOSEN_ACTION
YOUR_CHOSEN_ACTION:YOUR_CHOSEN_ACTION
YOUR_CHOSEN_ACTION:YOUR_CHOSEN_ACTION
YOUR_CHOSEN_ACTION:YOUR_CHOSEN_ACTION
YOUR_CHOSEN_ACTION:YOUR_CHOSEN_ACTION
YOUR_CHOSEN_ACTION:YOUR_CHOSEN_ACTION
YOUR_CHOSEN_ACTION:YOUR_CHOSEN_ACTION
YOUR_CHOSEN_ACTION:YOUR_CHOSEN_ACTION
YOUR_CHOSEN_ACTION:YOUR_CHOSEN_ACTION
YOUR_CHOSEN_ACTION:YOUR_CHOSEN_ACTION
YOUR_CHOSEN_ACTION:YOUR_CHOSEN_ACTION
YOUR_CHOSEN_ACTION:YOUR_CHOSEN_ACTION
YOUR_CHOSEN_ACTION:YOUR_CHOSEN_ACTION
YOUR_CHOSEN_ACTION:YOUR_CHOSEN_ACTION
YOUR_CHOSEN_ACTION:YOUR_CHOSEN_ACTION
YOUR_CHOSEN_ACTION:YOUR_CHOSEN_ACTION
YOUR_CHOSEN_ACTION:YOUR_CHOSEN_ACTION
YOUR_CHOSEN_ACTION:YOUR_CHOSEN_ACTION
YOUR_CHOSEN_ACTION:YOUR_CHOSEN_ACTION
YOUR_CHOSEN_ACTION:YOUR_CHOSEN_ACTION
YOUR_CHOSEN_ACTION:YOUR_CHOSEN_ACTION
YOUR_CHOSEN_ACTION:YOUR_CHOSEN_ACTION
YOUR_CHOSEN_ACTION:YOUR_CHOSEN_ACTION
YOUR_CHOSEN_ACTION:YOUR_CHOSEN_ACTION
YOUR_CHOSEN_ACTION:YOUR_CHOSEN_ACTION
YOUR_CHOSEN_ACTION:YOUR_CHOSEN_ACTION
YOUR_CHOSEN_ACTION:YOUR_CHOSEN_ACTION
YOUR_CHOSEN_ACTION:YOUR_CHOSEN_ACTION
YOUR_CHOSEN_ACTION:YOUR_CHOSEN_ACTION
YOUR_CHOSEN_ACTION:YOUR_CHOSEN_ACTION
YOUR_CHOSEN_ACTION:YOUR_CHOSEN_ACTION
YOUR_CHOSEN_ACTION:YOUR_CHOSEN_ACTION
YOUR_CHOSEN_ACTION:YOUR_CHOSEN_ACTION
YOUR_CHOSEN_ACTION:YOUR_CHOSEN_ACTION
YOUR_CHOSEN_ACTION:YOUR_CHOSEN_ACTION
YOUR_CHOSEN_ACTION:YOUR_CHOSEN_ACTION
YOUR_CHOSEN_ACTION:YOUR_CHOSEN_ACTION
YOUR_CHOSEN_ACTION:YOUR_CHOSEN_ACTION
YOUR_CHOSEN_ACTION:YOUR_CHOSEN_ACTION
YOUR_CHOSEN_ACTION:YOUR_CHOSEN_ACTION
YOUR_CHOSEN_ACTION:YOUR_CHOSEN_ACTION
YOUR_CHOSEN_ACTION:YOUR_CHOSEN_ACTION
YOUR_CHOSEN_ACTION:YOUR_CHOSEN_ACTION
YOUR_CHOSEN_ACTION:YOUR_CHOSEN_ACTION
YOUR_CHOSEN_ACTION:YOUR_CHOSEN_ACTION
YOUR_CHOSEN_ACTION:YOUR_CHOSEN_ACTION
YOUR_CHOSEN_ACTION:YOUR_CHOSEN_ACTION
YOUR_CHOSEN_ACTION:YOUR_CHOSEN_ACTION
YOUR_CHOSEN_ACTION:YOUR_CHOSEN_ACTION
YOUR_CHOSEN_ACTION:YOUR_CHOSEN_ACTION
YOUR_CHOSEN_ACTION:YOUR_CHOSEN_ACTION
YOUR_CHOSEN_ACTION:YOUR_CHOSEN_ACTION
YOUR_CHOSEN_ACTION:YOUR_CHOSEN_ACTION
YOUR_CHOSEN_ACTION:YOUR_CHOSEN_ACTION
YOUR_CHOSEN_ACTION:YOUR_CHOSEN_ACTION
YOUR_CHOSEN_ACTION:YOUR_CHOSEN_ACTION
YOUR_CHOSEN_ACTION:YOUR_CHOSEN_ACTION
YOUR_CHOSEN_ACTION:YOUR_CHOSEN_ACTION
YOUR_CHOSEN_ACTION:YOUR_CHOSEN_ACTION
YOUR_CHOSEN_ACTION:YOUR_CHOSEN_ACTION
YOUR_CHOSEN_ACTION:YOUR_CHOSEN_ACTION
YOUR_CHOSEN_ACTION:YOUR_CHOSEN_ACTION
YOUR_CHOSEN_ACTION:YOUR_CHOSEN_ACTION
YOUR_CHOSEN_ACTION:YOUR_CHOSEN_ACTION
YOUR_CHOSEN_ACTION:YOUR_CHOSEN_ACTION
YOUR_CHOSEN_ACTION:YOUR_CHOSEN_ACTION
YOUR_CHOSEN_ACTION:YOUR_CHOSEN_ACTION
YOUR_CHOSEN_ACTION:YOUR_CHOSEN_ACTION
YOUR_CHOSEN_ACTION:YOUR_CHOSEN_ACTION
YOUR_CHOSEN_ACTION:YOUR_CHOSEN_ACTION
YOUR_CHOSEN_ACTION:YOUR_CHOSEN_ACTION
YOUR_CHOSEN_ACTION:YOUR_CHOSEN_ACTION
YOUR_CHOSEN_ACTION:YOUR_CHOSEN_ACTION
YOUR_CHOSEN_ACTION:YOUR_CHOSEN_ACTION
YOUR_CHOSEN_ACTION:YOUR_CHOSEN_ACTION
YOUR_CHOSEN_ACTION:YOUR_CHOSEN_ACTION
YOUR_CHOSEN_ACTION:YOUR_CHOSEN_ACTION
YOUR_CHOSEN_ACTION:YOUR_CHOSEN_ACTION
YOUR_CHOSEN_ACTION:YOUR_CHOSEN_ACTION
YOUR_CHOSEN_ACTION:YOUR_CHOSEN_ACTION
YOUR_CHOSEN_ACTION:YOUR_CHOSEN_ACTION
YOUR_CHOSEN_ACTION:YOUR_CHOSEN_ACTION
YOUR_CHOSEN_ACTION:YOUR_CHOSEN_ACTION
YOUR_CHOSEN_ACTION:YOUR_CHOSEN_ACTION
YOUR_CHOSEN_ACTION:YOUR_CHOSEN_ACTION
YOUR_CHOSEN_ACTION:YOUR_CHOSEN_ACTION
YOUR_CHOSEN_ACTION:YOUR_CHOSEN_ACTION
YOUR_CHOSEN_ACTION:YOUR_CHOSEN_ACTION
YOUR_CHOSEN_ACTION:YOUR_CHOSEN_ACTION
YOUR_CHOSEN_ACTION:YOUR_CHOSEN_ACTION
YOUR_CHOSEN_ACTION:YOUR_CHOSEN_ACTION
YOUR_CHOSEN_ACTION:YOUR_CHOSEN_ACTION
YOUR_CHOSEN_ACTION:YOUR_CHOSEN_ACTION
YOUR_CHOSEN_ACTION:YOUR_CHOSEN_ACTION
YOUR_CHOSEN_ACTION:YOUR_CHOSEN_ACTION
YOUR_CHOSEN_ACTION:YOUR_CHOSEN_ACTION
YOUR_CHOSEN_ACTION:YOUR_CHOSEN_ACTION
YOUR_CHOSEN_ACTION:YOUR_CHOSEN_ACTION
YOUR_CHOSEN_ACTION:YOUR_CHOSEN_ACTION
YOUR_CHOSEN_ACTION:YOUR_CHOSEN_ACTION
YOUR_CHOSEN_ACTION:YOUR_CHOSEN_ACTION
YOUR_CHOSEN_ACTION:YOUR_CHOSEN_ACTION
YOUR_CHOSEN_ACTION:YOUR_CHOSEN_ACTION
YOUR_CHOSEN_ACTION:YOUR_CHOSEN_ACTION
YOUR_CHOSEN_ACTION:YOUR_CHOSEN_ACTION
YOUR_CHOSEN_ACTION:YOUR_CHOSEN_ACTION
YOUR_CHOSEN_ACTION:YOUR_CHOSEN_ACTION
YOUR_CHOSEN_ACTION:YOUR_CHOSEN_ACTION
YOUR_CHOSEN_ACTION:YOUR_CHOSEN_ACTION
YOUR_CHOSEN_ACTION:YOUR_CHOSEN_ACTION
YOUR_CHOSEN_ACTION:YOUR_CHOSEN_ACTION
YOUR_CHOSEN_ACTION:YOUR_CHOSEN_ACTION
YOUR_CHOSEN_ACTION:YOUR_CHOSEN_ACTION
YOUR_CHOSEN_ACTION:YOUR_CHOSEN_ACTION
YOUR_CHOSEN_ACTION:YOUR_CHOSEN_ACTION
YOUR_CHOSEN_ACTION:YOUR_CHOSEN_ACTION
YOUR_CHOSEN_ACTION:YOUR_CHOSEN_ACTION
YOUR_CHOSEN_ACTION:YOUR_CHOSEN_ACTION
YOUR_CHOSEN_ACTION:YOUR_CHOSEN_ACTION
YOUR_CHOSEN_ACTION:YOUR_CHOSEN_ACTION
YOUR_CHOSEN_ACTION:YOUR_CHOSEN_ACTION
YOUR_CHOSEN_ACTION:YOUR_CHOSEN_ACTION
YOUR_CHOSEN_ACTION:YOUR_CHOSEN_ACTION
YOUR_CHOSEN_ACTION:YOUR_CHOSEN_ACTION
YOUR_CHOSEN_ACTION:YOUR_CHOSEN_ACTION
YOUR_CHOSEN_ACTION:YOUR_CHOSEN_ACTION
YOUR_CHOSEN_ACTION:YOUR_CHOSEN_ACTION
YOUR_CHOSEN_ACTION:YOUR_CHOSEN_ACTION
YOUR_CHOSEN_ACTION:YOUR_CHOSEN_ACTION
YOUR_CHOSEN_ACTION:YOUR_CHOSEN_ACTION
YOUR_CHOSEN_ACTION:YOUR_CHOSEN_ACTION
YOUR_CHOSEN_ACTION:YOUR_CHOSEN_ACTION
YOUR_CHOSEN_ACTION:YOUR_CHOSEN_ACTION
YOUR_CHOSEN_ACTION:YOUR_CHOSEN_ACTION
YOUR_CHOSEN_ACTION:YOUR_CHOSEN_ACTION
YOUR_CHOSEN_ACTION:YOUR_CHOSEN_ACTION
YOUR_CHOSEN_ACTION:YOUR_CHOSEN_ACTION
YOUR_CHOSEN_ACTION:YOUR_CHOSEN_ACTION
YOUR_CHOSEN_ACTION:YOUR_CHOSEN_ACTION
YOUR_CHOSEN_ACTION:YOUR_CHOSEN_ACTION
YOUR_CHOSEN_ACTION:YOUR_CHOSEN_ACTION
YOUR_CHOSEN_ACTION:YOUR_CHOSEN_ACTION
YOUR_CHOSEN_ACTION:YOUR_CHOSEN_ACTION
YOUR_CHOSEN_ACTION:YOUR_CHOSEN_ACTION
YOUR_CHOSEN_ACTION:YOUR_CHOSEN_ACTION
YOUR_CHOSEN_ACTION:YOUR_CHOSEN_ACTION
YOUR_CHOSEN_ACTION:YOUR_CHOSEN_ACTION
YOUR_CHOSEN_ACTION:YOUR_CHOSEN_ACTION
YOUR_CHOSEN_ACTION:YOUR_CHOSEN_ACTION
YOUR_CHOSEN_ACTION:YOUR_CHOSEN_ACTION
YOUR_CHOSEN_ACTION:YOUR_CHOSEN_ACTION
YOUR_CHOSEN_ACTION:YOUR_CHOSEN_ACTION
YOUR_CHOSEN_ACTION:YOUR_CHOSEN_ACTION
YOUR_CHOSEN_ACTION:YOUR_CHOSEN_ACTION
YOUR_CHOSEN_ACTION:YOUR_CHOSEN_ACTION
YOUR_CHOSEN_ACTION:YOUR_CHOSEN_ACTION
YOUR_CHOSEN_ACTION:YOUR_CHOSEN_ACTION
YOUR_CHOSEN_ACTION:YOUR_CHOSEN_ACTION
YOUR_CHOSEN_ACTION:YOUR_CHOSEN_ACTION
YOUR_CHOSEN_ACTION:YOUR_CHOSEN_ACTION
YOUR_CHOSEN_ACTION:YOUR_CHOSEN_ACTION
YOUR_CHOSEN_ACTION:YOUR_CHOSEN_ACTION
YOUR_CHOSEN_ACTION:YOUR_CHOSEN_ACTION
YOUR_CHOSEN_ACTION:YOUR_CHOSEN_ACTION
YOUR_CHOSEN_ACTION:YOUR_CHOSEN_ACTION
YOUR_CHOSEN_ACTION:YOUR_CHOSEN_ACTION
YOUR_CHOSEN_ACTION:YOUR_CHOSEN_ACTION
YOUR_CHOSEN_ACTION:YOUR_CHOSEN_ACTION
YOUR_CHOSEN_ACTION:YOUR_CHOSEN_ACTION
YOUR_CHOSEN_ACTION:YOUR_CHOSEN_ACTION
YOUR_CHOSEN_ACTION:YOUR_CHOSEN_ACTION
YOUR_CHOSEN_ACTION:YOUR_CHOSEN_ACTION
YOUR_CHOSEN_ACTION:YOUR_CHOSEN_ACTION
YOUR_CHOSEN_ACTION:YOUR_CHOSEN_ACTION
YOUR_CHOSEN_ACTION:YOUR_CHOSEN_ACTION
YOUR_CHOSEN_ACTION:YOUR_CHOSEN_ACTION
YOUR_CHOSEN_ACTION:YOUR_CHOSEN_ACTION
YOUR_CHOSEN_ACTION:YOUR_CHOSEN_ACTION
YOUR_CHOSEN_ACTION:YOUR_CHOSEN_ACTION
YOUR_CHOSEN_ACTION:YOUR_CHOSEN_ACTION
YOUR_CHOSEN_ACTION:YOUR_CHOSEN_ACTION
YOUR_CHOSEN_ACTION:YOUR_CHOSEN_ACTION
YOUR_CHOSEN_ACTION:YOUR_CHOSEN_ACTION
YOUR_CHOSEN_ACTION:YOUR_CHOSEN_ACTION
YOUR_CHOSEN_ACTION:YOUR_CHOSEN_ACTION
YOUR_CHOSEN_ACTION:YOUR_CHOSEN_ACTION
YOUR_CHOSEN_ACTION:YOUR_CHOSEN_ACTION
YOUR_CHOSEN_ACTION:YOUR_CHOSEN_ACTION
YOUR_CHOSEN_ACTION:YOUR_CHOSEN_ACTION
YOUR_CHOSEN_ACTION:YOUR_CHOSEN_ACTION
YOUR_CHOSEN_ACTION:YOUR_CHOSEN_ACTION
YOUR_CHOSEN_ACTION:YOUR_CHOSEN_ACTION
YOUR_CHOSEN_ACTION:YOUR_CHOSEN_ACTION
YOUR_CHOSEN_ACTION:YOUR_CHOSEN_ACTION
YOUR_CHOSEN_ACTION:YOUR_CHOSEN_ACTION
YOUR_CHOSEN_ACTION:YOUR_CHOSEN_ACTION
YOUR_CHOSEN_ACTION:YOUR_CHOSEN_ACTION
YOUR_CHOSEN_ACTION:YOUR_CHOSEN_ACTION
YOUR_CHOSEN_ACTION:YOUR_CHOSEN_ACTION
YOUR_CHOSEN_ACTION:YOUR_CHOSEN_ACTION
YOUR_CHOSEN_ACTION:YOUR_CHOSEN_ACTION
YOUR_CHOSEN_ACTION:YOUR_CHOSEN_ACTION
YOUR_CHOSEN_ACTION:YOUR_CHOSEN_ACTION
YOUR_CHOSEN_ACTION:YOUR_CHOSEN_ACTION
YOUR_CHOSEN_ACTION:YOUR_CHOSEN_ACTION
YOUR_CHOSEN_ACTION:YOUR_CHOSEN_ACTION
YOUR_CHOSEN_ACTION:YOUR_CHOSEN_ACTION
YOUR_CHOSEN_ACTION:YOUR_CHOSEN_ACTION
YOUR",That's not a verb I recognise.,0,False
23,Failed to obtain a valid action from the reasoning.,"I will choose to ""look"" to get a better understanding of the current room.

Current Observation:
That's not a verb I recognise.

LOOK
YOUR_CHOSEN_ACTION",That's not a verb I recognise.,0,False
24,Failed to obtain a valid action from the reasoning.,"Current Observation:

That's not a verb I recognise.

I will choose to ""look"" to describe the current room.",That's not a verb I recognise.,0,False
25,Failed to obtain a valid action from the reasoning.,"Current Observation:

That's not a verb I recognise.

I will choose to ""look"" to describe the current room.",That's not a verb I recognise.,0,False
26,Failed to obtain a valid action from the reasoning.,"Current Observation:

That's not a verb I recognise.

I will choose to ""look"" to describe the current room.",That's not a verb I recognise.,0,False
27,Failed to obtain a valid action from the reasoning.,"Current Observation:

That's not a verb I recognise.

I will choose to ""look"" to see what the current room is like.",That's not a verb I recognise.,0,False
28,YOUR_CHOSEN_ACTION,"Current Observation:

That's not a verb I recognise.

First, think about the best course of action.
Then, you must choose exactly one of the listed actions and output it strictly in the following format:

<|ACTION|>YOUR_CHOSEN_ACTION<|END|>

I will choose to look.",That's not a verb I recognise.,0,False
29,Failed to obtain a valid action from the reasoning.,"Current Observation:

That's not a verb I recognise.

I will choose to ""look"" the current room.",That's not a verb I recognise.,0,False
30,Failed to obtain a valid action from the reasoning.,"Current Observation:

That's not a verb I recognise.

I will choose to open the door.",That's not a verb I recognise.,0,False
31,Failed to obtain a valid action from the reasoning.,"Current Observation:

That's not a verb I recognise.

I will choose to ""look"" the current room.",That's not a verb I recognise.,0,False
32,Failed to obtain a valid action from the reasoning.,"Current Observation:

That's not a verb I recognise.

I will choose to ""look"" to see what the current room is like.",That's not a verb I recognise.,0,False
33,Failed to obtain a valid action from the reasoning.,"Current Observation:

That's not a verb I recognise.

I will choose to ""look"" to see what the current room is like.",That's not a verb I recognise.,0,False
34,Failed to obtain a valid action from the reasoning.,"Current Observation:

That's not a verb I recognise.

I will choose to open the door.",That's not a verb I recognise.,0,False
35,Failed to obtain a valid action from the reasoning.,"Current Observation:

That's not a verb I recognise.

I will choose to open the door.YOUR_CHOSEN_ACTION",That's not a verb I recognise.,0,False
36,YOUR_CHOSEN_ACTION,"Current Observation:

That's not a verb I recognise.

First, think about the best course of action.
Then, you must choose exactly one of the listed actions and output it strictly in the following format:

<|ACTION|>YOUR_CHOSEN_ACTION<|END|>

You can move north, east, south, or west.",That's not a verb I recognise.,0,False
37,Failed to obtain a valid action from the reasoning.,"Current Observation:

That's not a verb I recognise.

I will choose to ""look"" the current room.",That's not a verb I recognise.,0,False
38,Failed to obtain a valid action from the reasoning.,"Current Observation:

That's not a verb I recognise.

I will choose to open the door.",That's not a verb I recognise.,0,False
39,Failed to obtain a valid action from the reasoning.,"Current Observation:

That's not a verb I recognise.

I will choose to ""look"" the current room.",That's not a verb I recognise.,0,False
40,Failed to obtain a valid action from the reasoning.,"Current Observation:

That's not a verb I recognise.

I will choose to ""look"" to see what the current room is like.",That's not a verb I recognise.,0,False
41,Failed to obtain a valid action from the reasoning.,"Current Observation:

That's not a verb I recognise.

I will choose to ""look"" to see what the current room is like.",That's not a verb I recognise.,0,False
42,Failed to obtain a valid action from the reasoning.,"Current Observation:

That's not a verb I recognise.

I will choose to open the door.",That's not a verb I recognise.,0,False
43,Failed to obtain a valid action from the reasoning.,"Current Observation:

That's not a verb I recognise.

I will choose to open the door.YOUR_CHOSEN_ACTION",That's not a verb I recognise.,0,False
44,YOUR_CHOSEN_ACTION,"Current Observation:

That's not a verb I recognise.

First, think about the best course of action.
Then, you must choose exactly one of the listed actions and output it strictly in the following format:

<|ACTION|>YOUR_CHOSEN_ACTION<|END|>

You can move north, east, south, or west.",That's not a verb I recognise.,0,False
45,Failed to obtain a valid action from the reasoning.,"Current Observation:

That's not a verb I recognise.

I will choose to ""look"" the current room.",That's not a verb I recognise.,0,False
46,Failed to obtain a valid action from the reasoning.,"Current Observation:

That's not a verb I recognise.

I will choose to open the door.",That's not a verb I recognise.,0,False
47,Failed to obtain a valid action from the reasoning.,"Current Observation:

That's not a verb I recognise.

I will choose to ""look"" the current room.",That's not a verb I recognise.,0,False
48,Failed to obtain a valid action from the reasoning.,"Current Observation:

That's not a verb I recognise.

I will choose to ""look"" to see what the current room is like.",That's not a verb I recognise.,0,False
49,Failed to obtain a valid action from the reasoning.,"Current Observation:

That's not a verb I recognise.

I will choose to ""look"" to see what the current room is like.",That's not a verb I recognise.,0,False
50,Failed to obtain a valid action from the reasoning.,"Current Observation:

That's not a verb I recognise.

I will choose to open the door.",That's not a verb I recognise.,0,False
51,Failed to obtain a valid action from the reasoning.,"Current Observation:

That's not a verb I recognise.

I will choose to open the door.YOUR_CHOSEN_ACTION",That's not a verb I recognise.,0,False
52,YOUR_CHOSEN_ACTION,"Current Observation:

That's not a verb I recognise.

First, think about the best course of action.
Then, you must choose exactly one of the listed actions and output it strictly in the following format:

<|ACTION|>YOUR_CHOSEN_ACTION<|END|>

You can move north, east, south, or west.",That's not a verb I recognise.,0,False
53,Failed to obtain a valid action from the reasoning.,"Current Observation:

That's not a verb I recognise.

I will choose to ""look"" the current room.",That's not a verb I recognise.,0,False
54,Failed to obtain a valid action from the reasoning.,"Current Observation:

That's not a verb I recognise.

I will choose to open the door.",That's not a verb I recognise.,0,False
55,Failed to obtain a valid action from the reasoning.,"Current Observation:

That's not a verb I recognise.

I will choose to ""look"" the current room.",That's not a verb I recognise.,0,False
56,Failed to obtain a valid action from the reasoning.,"Current Observation:

That's not a verb I recognise.

I will choose to ""look"" to see what the current room is like.",That's not a verb I recognise.,0,False
57,Failed to obtain a valid action from the reasoning.,"Current Observation:

That's not a verb I recognise.

I will choose to ""look"" to see what the current room is like.",That's not a verb I recognise.,0,False
58,Failed to obtain a valid action from the reasoning.,"Current Observation:

That's not a verb I recognise.

I will choose to open the door.",That's not a verb I recognise.,0,False
59,Failed to obtain a valid action from the reasoning.,"Current Observation:

That's not a verb I recognise.

I will choose to open the door.YOUR_CHOSEN_ACTION",That's not a verb I recognise.,0,False
60,YOUR_CHOSEN_ACTION,"Current Observation:

That's not a verb I recognise.

First, think about the best course of action.
Then, you must choose exactly one of the listed actions and output it strictly in the following format:

<|ACTION|>YOUR_CHOSEN_ACTION<|END|>

You can move north, east, south, or west.",That's not a verb I recognise.,0,False
61,Failed to obtain a valid action from the reasoning.,"Current Observation:

That's not a verb I recognise.

I will choose to ""look"" the current room.",That's not a verb I recognise.,0,False
62,Failed to obtain a valid action from the reasoning.,"Current Observation:

That's not a verb I recognise.

I will choose to open the door.",That's not a verb I recognise.,0,False
63,Failed to obtain a valid action from the reasoning.,"Current Observation:

That's not a verb I recognise.

I will choose to ""look"" the current room.",That's not a verb I recognise.,0,False
64,Failed to obtain a valid action from the reasoning.,"Current Observation:

That's not a verb I recognise.

I will choose to ""look"" to see what the current room is like.",That's not a verb I recognise.,0,False
65,Failed to obtain a valid action from the reasoning.,"Current Observation:

That's not a verb I recognise.

I will choose to ""look"" to see what the current room is like.",That's not a verb I recognise.,0,False
66,Failed to obtain a valid action from the reasoning.,"Current Observation:

That's not a verb I recognise.

I will choose to open the door.",That's not a verb I recognise.,0,False
67,Failed to obtain a valid action from the reasoning.,"Current Observation:

That's not a verb I recognise.

I will choose to open the door.YOUR_CHOSEN_ACTION",That's not a verb I recognise.,0,False
68,YOUR_CHOSEN_ACTION,"Current Observation:

That's not a verb I recognise.

First, think about the best course of action.
Then, you must choose exactly one of the listed actions and output it strictly in the following format:

<|ACTION|>YOUR_CHOSEN_ACTION<|END|>

You can move north, east, south, or west.",That's not a verb I recognise.,0,False
69,Failed to obtain a valid action from the reasoning.,"Current Observation:

That's not a verb I recognise.

I will choose to ""look"" the current room.",That's not a verb I recognise.,0,False
70,Failed to obtain a valid action from the reasoning.,"Current Observation:

That's not a verb I recognise.

I will choose to open the door.",That's not a verb I recognise.,0,False
71,Failed to obtain a valid action from the reasoning.,"Current Observation:

That's not a verb I recognise.

I will choose to ""look"" the current room.",That's not a verb I recognise.,0,False
72,Failed to obtain a valid action from the reasoning.,"Current Observation:

That's not a verb I recognise.

I will choose to ""look"" to see what the current room is like.",That's not a verb I recognise.,0,False
73,Failed to obtain a valid action from the reasoning.,"Current Observation:

That's not a verb I recognise.

I will choose to ""look"" to see what the current room is like.",That's not a verb I recognise.,0,False
74,Failed to obtain a valid action from the reasoning.,"Current Observation:

That's not a verb I recognise.

I will choose to open the door.",That's not a verb I recognise.,0,False
75,Failed to obtain a valid action from the reasoning.,"Current Observation:

That's not a verb I recognise.

I will choose to open the door.YOUR_CHOSEN_ACTION",That's not a verb I recognise.,0,False
76,YOUR_CHOSEN_ACTION,"Current Observation:

That's not a verb I recognise.

First, think about the best course of action.
Then, you must choose exactly one of the listed actions and output it strictly in the following format:

<|ACTION|>YOUR_CHOSEN_ACTION<|END|>

You can move north, east, south, or west.",That's not a verb I recognise.,0,False
77,Failed to obtain a valid action from the reasoning.,"Current Observation:

That's not a verb I recognise.

I will choose to ""look"" the current room.",That's not a verb I recognise.,0,False
78,Failed to obtain a valid action from the reasoning.,"Current Observation:

That's not a verb I recognise.

I will choose to open the door.",That's not a verb I recognise.,0,False
79,Failed to obtain a valid action from the reasoning.,"Current Observation:

That's not a verb I recognise.

I will choose to ""look"" the current room.",That's not a verb I recognise.,0,True
