{
    "progression_percentage": 11.764705882352942,
    "standard_error": 3.037633997025425,
    "average_steps": 64.66666666666667,
    "episodes_played": 30,
    "tasks": {
        "treasure_hunter": {
            "progression_percentage": 0.0,
            "standard_error": 0.0,
            "episodes_played": 10
        },
        "the_cooking_game": {
            "progression_percentage": 35.294117647058826,
            "standard_error": 0.0,
            "episodes_played": 10
        },
        "coin_collector": {
            "progression_percentage": 0.0,
            "standard_error": 0.0,
            "episodes_played": 10
        }
    },
    "input_tokens": 2570454,
    "output_tokens": 7725
}