Step,Action,Reasoning,Observation,Reward,Done
0,go south,,"You have to open the sliding door first.


>                                                                                                                                -= Supermarket =-0/2",0,False
1,open sliding door,,"You open sliding door.


>                                                                                                                                -= Supermarket =-0/3",0,False
2,go south,,"-= Street =-
Well how about that, you are in a place we're calling a street. You can barely contain your excitement.



There is an open sliding door leading north. There is an exit to the east. Don't worry, there is no door.


>                                                                                                                                -= Street =-0/4",0,False
3,go north,,"-= Supermarket =-
You're now in a supermarket.

Oh wow! Is that what I think it is? It is! It's a showcase. On the showcase you can make out a block of cheese and a raw white tuna.

There is an open sliding door leading south.


>                                                                                                                                -= Supermarket =-0/5",0,False
4,take,,"What do you want to take?

>                                                                                                                                -= Supermarket =-0/5",0,False
5,take,,"What do you want to take?

>                                                                                                                                -= Supermarket =-0/5",0,False
6,take block of cheese,,"You take the block of cheese from the showcase.


Your score has just gone up by one point.

>                                                                                                                                -= Supermarket =-1/6",1,False
7,take,,"What do you want to take?

>                                                                                                                                -= Supermarket =-1/6",1,False
8,take,,"What do you want to take?

>                                                                                                                                -= Supermarket =-1/6",1,False
9,take raw white tuna,,"You take the white tuna from the showcase.


Your score has just gone up by one point.

>                                                                                                                                -= Supermarket =-2/7",2,False
10,go,,"You'll have to say which compass direction to go in.


>                                                                                                                                -= Supermarket =-2/8",2,False
11,go,,"You'll have to say which compass direction to go in.


>                                                                                                                                -= Supermarket =-2/9",2,False
12,go,,"You'll have to say which compass direction to go in.


>                                                                                                                                -= Supermarket =-2/10",2,False
13,go south,,"-= Street =-
Well how about that, you are in a place we're calling a street. You can barely contain your excitement.



There is an open sliding door leading north. There is an exit to the east. Don't worry, there is no door.


>                                                                                                                                -= Street =-2/11",2,False
14,go,,"You'll have to say which compass direction to go in.


>                                                                                                                                -= Street =-2/12",2,False
15,go,,"You'll have to say which compass direction to go in.


>                                                                                                                                -= Street =-2/13",2,False
16,go,,"You'll have to say which compass direction to go in.


>                                                                                                                                -= Street =-2/14",2,False
17,go,,"You'll have to say which compass direction to go in.


>                                                                                                                                -= Street =-2/15",2,False
18,go north,,"-= Supermarket =-
You're now in a supermarket.

Oh wow! Is that what I think it is? It is! It's a showcase. But the thing is empty. This always happens!

There is an open sliding door leading south.


>                                                                                                                                -= Supermarket =-2/16",2,False
19,go,,"You'll have to say which compass direction to go in.


>                                                                                                                                -= Supermarket =-2/17",2,False
20,go,,"You'll have to say which compass direction to go in.


>                                                                                                                                -= Supermarket =-2/18",2,False
21,go,,"You'll have to say which compass direction to go in.


>                                                                                                                                -= Supermarket =-2/19",2,False
22,go south,,"-= Street =-
Well how about that, you are in a place we're calling a street. You can barely contain your excitement.



There is an open sliding door leading north. There is an exit to the east. Don't worry, there is no door.


>                                                                                                                                -= Street =-2/20",2,False
23,go,,"You'll have to say which compass direction to go in.


>                                                                                                                                -= Street =-2/21",2,False
24,go,,"You'll have to say which compass direction to go in.


>                                                                                                                                -= Street =-2/22",2,False
25,go,,"You'll have to say which compass direction to go in.


>                                                                                                                                -= Street =-2/23",2,False
26,go,,"You'll have to say which compass direction to go in.


>                                                                                                                                -= Street =-2/24",2,False
27,go,,"You'll have to say which compass direction to go in.


>                                                                                                                                -= Street =-2/25",2,False
28,go,,"You'll have to say which compass direction to go in.


>                                                                                                                                -= Street =-2/26",2,False
29,go north,,"-= Supermarket =-
You're now in a supermarket.

Oh wow! Is that what I think it is? It is! It's a showcase. But the thing is empty. This always happens!

There is an open sliding door leading south.


>                                                                                                                                -= Supermarket =-2/27",2,False
30,go,,"You'll have to say which compass direction to go in.


>                                                                                                                                -= Supermarket =-2/28",2,False
31,go,,"You'll have to say which compass direction to go in.


>                                                                                                                                -= Supermarket =-2/29",2,False
32,go south,,"-= Street =-
Well how about that, you are in a place we're calling a street. You can barely contain your excitement.



There is an open sliding door leading north. There is an exit to the east. Don't worry, there is no door.


>                                                                                                                                -= Street =-2/30",2,False
33,go,,"You'll have to say which compass direction to go in.


>                                                                                                                                -= Street =-2/31",2,False
34,go,,"You'll have to say which compass direction to go in.


>                                                                                                                                -= Street =-2/32",2,False
35,go,,"You'll have to say which compass direction to go in.


>                                                                                                                                -= Street =-2/33",2,False
36,go,,"You'll have to say which compass direction to go in.


>                                                                                                                                -= Street =-2/34",2,False
37,go,,"You'll have to say which compass direction to go in.


>                                                                                                                                -= Street =-2/35",2,False
38,go north,,"-= Supermarket =-
You're now in a supermarket.

Oh wow! Is that what I think it is? It is! It's a showcase. But the thing is empty. This always happens!

There is an open sliding door leading south.


>                                                                                                                                -= Supermarket =-2/36",2,False
39,examine,,"What do you want to examine?

>                                                                                                                                -= Supermarket =-2/36",2,False
40,examine showcase,,"The showcase is reliable.


>                                                                                                                                -= Supermarket =-2/37",2,False
41,go,,"You'll have to say which compass direction to go in.


>                                                                                                                                -= Supermarket =-2/38",2,False
42,go,,"You'll have to say which compass direction to go in.


>                                                                                                                                -= Supermarket =-2/39",2,False
43,go south,,"-= Street =-
Well how about that, you are in a place we're calling a street. You can barely contain your excitement.



There is an open sliding door leading north. There is an exit to the east. Don't worry, there is no door.


>                                                                                                                                -= Street =-2/40",2,False
44,go,,"You'll have to say which compass direction to go in.


>                                                                                                                                -= Street =-2/41",2,False
45,go,,"You'll have to say which compass direction to go in.


>                                                                                                                                -= Street =-2/42",2,False
46,go north,,"-= Supermarket =-
You're now in a supermarket.

Oh wow! Is that what I think it is? It is! It's a showcase. But the thing is empty. This always happens!

There is an open sliding door leading south.


>                                                                                                                                -= Supermarket =-2/43",2,False
47,examine,,"What do you want to examine?

>                                                                                                                                -= Supermarket =-2/43",2,False
48,examine showcase,,"The showcase is reliable.


>                                                                                                                                -= Supermarket =-2/44",2,False
49,go,,"You'll have to say which compass direction to go in.


>                                                                                                                                -= Supermarket =-2/45",2,False
50,go,,"You'll have to say which compass direction to go in.


>                                                                                                                                -= Supermarket =-2/46",2,False
51,go south,,"-= Street =-
Well how about that, you are in a place we're calling a street. You can barely contain your excitement.



There is an open sliding door leading north. There is an exit to the east. Don't worry, there is no door.


>                                                                                                                                -= Street =-2/47",2,False
52,go,,"You'll have to say which compass direction to go in.


>                                                                                                                                -= Street =-2/48",2,False
53,go,,"You'll have to say which compass direction to go in.


>                                                                                                                                -= Street =-2/49",2,False
54,go north,,"-= Supermarket =-
You're now in a supermarket.

Oh wow! Is that what I think it is? It is! It's a showcase. But the thing is empty. This always happens!

There is an open sliding door leading south.


>                                                                                                                                -= Supermarket =-2/50",2,False
55,examine,,"What do you want to examine?

>                                                                                                                                -= Supermarket =-2/50",2,False
56,examine showcase,,"The showcase is reliable.


>                                                                                                                                -= Supermarket =-2/51",2,False
57,take,,"What do you want to take?

>                                                                                                                                -= Supermarket =-2/51",2,False
58,take,,"What do you want to take?

>                                                                                                                                -= Supermarket =-2/51",2,False
59,take,,"What do you want to take?

>                                                                                                                                -= Supermarket =-2/51",2,False
60,take,,"What do you want to take?

>                                                                                                                                -= Supermarket =-2/51",2,False
61,take,,"What do you want to take?

>                                                                                                                                -= Supermarket =-2/51",2,False
62,take,,"What do you want to take?

>                                                                                                                                -= Supermarket =-2/51",2,False
63,take,,"What do you want to take?

>                                                                                                                                -= Supermarket =-2/51",2,False
64,take cookbook,,"You can't see any such thing.

>                                                                                                                                -= Supermarket =-2/51",2,False
65,look,,"-= Supermarket =-
You're now in a supermarket.

Oh wow! Is that what I think it is? It is! It's a showcase. But the thing is empty. This always happens!

There is an open sliding door leading south.


>                                                                                                                                -= Supermarket =-2/52",2,False
66,go,,"You'll have to say which compass direction to go in.


>                                                                                                                                -= Supermarket =-2/53",2,False
67,go,,"You'll have to say which compass direction to go in.


>                                                                                                                                -= Supermarket =-2/54",2,False
68,go south,,"-= Street =-
Well how about that, you are in a place we're calling a street. You can barely contain your excitement.



There is an open sliding door leading north. There is an exit to the east. Don't worry, there is no door.


>                                                                                                                                -= Street =-2/55",2,False
69,go,,"You'll have to say which compass direction to go in.


>                                                                                                                                -= Street =-2/56",2,False
70,go,,"You'll have to say which compass direction to go in.


>                                                                                                                                -= Street =-2/57",2,False
71,go north,,"-= Supermarket =-
You're now in a supermarket.

Oh wow! Is that what I think it is? It is! It's a showcase. But the thing is empty. This always happens!

There is an open sliding door leading south.


>                                                                                                                                -= Supermarket =-2/58",2,False
72,go,,"You'll have to say which compass direction to go in.


>                                                                                                                                -= Supermarket =-2/59",2,False
73,go south,,"-= Street =-
Well how about that, you are in a place we're calling a street. You can barely contain your excitement.



There is an open sliding door leading north. There is an exit to the east. Don't worry, there is no door.


>                                                                                                                                -= Street =-2/60",2,False
74,go,,"You'll have to say which compass direction to go in.


>                                                                                                                                -= Street =-2/61",2,False
75,go north,,"-= Supermarket =-
You're now in a supermarket.

Oh wow! Is that what I think it is? It is! It's a showcase. But the thing is empty. This always happens!

There is an open sliding door leading south.


>                                                                                                                                -= Supermarket =-2/62",2,False
76,look,,"-= Supermarket =-
You're now in a supermarket.

Oh wow! Is that what I think it is? It is! It's a showcase. But the thing is empty. This always happens!

There is an open sliding door leading south.


>                                                                                                                                -= Supermarket =-2/63",2,False
77,examine showcase,,"The showcase is reliable.


>                                                                                                                                -= Supermarket =-2/64",2,False
78,take,,"What do you want to take?

>                                                                                                                                -= Supermarket =-2/64",2,False
79,take,,"What do you want to take?

>                                                                                                                                -= Supermarket =-2/64",2,True
