Step,Action,Reasoning,Observation,Reward,Done
0,go south,,"You have to open the sliding door first.


>                                                                                                                                -= Supermarket =-0/2",0,False
1,open sliding door,,"You open sliding door.


>                                                                                                                                -= Supermarket =-0/3",0,False
2,go south,,"-= Street =-
Well how about that, you are in a place we're calling a street. You can barely contain your excitement.



There is an open sliding door leading north. There is an exit to the east. Don't worry, there is no door.


>                                                                                                                                -= Street =-0/4",0,False
3,go north,,"-= Supermarket =-
You're now in a supermarket.

Oh wow! Is that what I think it is? It is! It's a showcase. On the showcase you can make out a block of cheese and a raw white tuna.

There is an open sliding door leading south.


>                                                                                                                                -= Supermarket =-0/5",0,False
4,take,,"What do you want to take?

>                                                                                                                                -= Supermarket =-0/5",0,False
5,take,,"What do you want to take?

>                                                                                                                                -= Supermarket =-0/5",0,False
6,take block of cheese,,"You take the block of cheese from the showcase.


Your score has just gone up by one point.

>                                                                                                                                -= Supermarket =-1/6",1,False
7,take,,"What do you want to take?

>                                                                                                                                -= Supermarket =-1/6",1,False
8,take,,"What do you want to take?

>                                                                                                                                -= Supermarket =-1/6",1,False
9,take raw white tuna,,"You take the white tuna from the showcase.


Your score has just gone up by one point.

>                                                                                                                                -= Supermarket =-2/7",2,False
10,go,,"You'll have to say which compass direction to go in.


>                                                                                                                                -= Supermarket =-2/8",2,False
11,go,,"You'll have to say which compass direction to go in.


>                                                                                                                                -= Supermarket =-2/9",2,False
12,go,,"You'll have to say which compass direction to go in.


>                                                                                                                                -= Supermarket =-2/10",2,False
13,go south,,"-= Street =-
Well how about that, you are in a place we're calling a street. You can barely contain your excitement.



There is an open sliding door leading north. There is an exit to the east. Don't worry, there is no door.


>                                                                                                                                -= Street =-2/11",2,False
14,go,,"You'll have to say which compass direction to go in.


>                                                                                                                                -= Street =-2/12",2,False
15,go,,"You'll have to say which compass direction to go in.


>                                                                                                                                -= Street =-2/13",2,False
16,go,,"You'll have to say which compass direction to go in.


>                                                                                                                                -= Street =-2/14",2,False
17,go,,"You'll have to say which compass direction to go in.


>                                                                                                                                -= Street =-2/15",2,False
18,go north,,"-= Supermarket =-
You're now in a supermarket.

Oh wow! Is that what I think it is? It is! It's a showcase. But the thing is empty. This always happens!

There is an open sliding door leading south.


>                                                                                                                                -= Supermarket =-2/16",2,False
19,go,,"You'll have to say which compass direction to go in.


>                                                                                                                                -= Supermarket =-2/17",2,False
20,go,,"You'll have to say which compass direction to go in.


>                                                                                                                                -= Supermarket =-2/18",2,False
21,go,,"You'll have to say which compass direction to go in.


>                                                                                                                                -= Supermarket =-2/19",2,False
22,go south,,"-= Street =-
Well how about that, you are in a place we're calling a street. You can barely contain your excitement.



There is an open sliding door leading north. There is an exit to the east. Don't worry, there is no door.


>                                                                                                                                -= Street =-2/20",2,False
23,go,,"You'll have to say which compass direction to go in.


>                                                                                                                                -= Street =-2/21",2,False
24,go,,"You'll have to say which compass direction to go in.


>                                                                                                                                -= Street =-2/22",2,False
25,go,,"You'll have to say which compass direction to go in.


>                                                                                                                                -= Street =-2/23",2,False
26,go,,"You'll have to say which compass direction to go in.


>                                                                                                                                -= Street =-2/24",2,False
27,go,,"You'll have to say which compass direction to go in.


>                                                                                                                                -= Street =-2/25",2,False
28,go,,"You'll have to say which compass direction to go in.


>                                                                                                                                -= Street =-2/26",2,False
29,go north,,"-= Supermarket =-
You're now in a supermarket.

Oh wow! Is that what I think it is? It is! It's a showcase. But the thing is empty. This always happens!

There is an open sliding door leading south.


>                                                                                                                                -= Supermarket =-2/27",2,False
30,go,,"You'll have to say which compass direction to go in.


>                                                                                                                                -= Supermarket =-2/28",2,False
31,go,,"You'll have to say which compass direction to go in.


>                                                                                                                                -= Supermarket =-2/29",2,False
32,go south,,"-= Street =-
Well how about that, you are in a place we're calling a street. You can barely contain your excitement.



There is an open sliding door leading north. There is an exit to the east. Don't worry, there is no door.


>                                                                                                                                -= Street =-2/30",2,False
33,go,,"You'll have to say which compass direction to go in.


>                                                                                                                                -= Street =-2/31",2,False
34,go,,"You'll have to say which compass direction to go in.


>                                                                                                                                -= Street =-2/32",2,False
35,go,,"You'll have to say which compass direction to go in.


>                                                                                                                                -= Street =-2/33",2,False
36,go,,"You'll have to say which compass direction to go in.


>                                                                                                                                -= Street =-2/34",2,False
37,go,,"You'll have to say which compass direction to go in.


>                                                                                                                                -= Street =-2/35",2,False
38,go north,,"-= Supermarket =-
You're now in a supermarket.

Oh wow! Is that what I think it is? It is! It's a showcase. But the thing is empty. This always happens!

There is an open sliding door leading south.


>                                                                                                                                -= Supermarket =-2/36",2,False
39,examine,,"What do you want to examine?

>                                                                                                                                -= Supermarket =-2/36",2,False
40,examine showcase,,"The showcase is reliable.


>                                                                                                                                -= Supermarket =-2/37",2,False
41,go,,"You'll have to say which compass direction to go in.


>                                                                                                                                -= Supermarket =-2/38",2,False
42,go,,"You'll have to say which compass direction to go in.


>                                                                                                                                -= Supermarket =-2/39",2,False
43,go south,,"-= Street =-
Well how about that, you are in a place we're calling a street. You can barely contain your excitement.



There is an open sliding door leading north. There is an exit to the east. Don't worry, there is no door.


>                                                                                                                                -= Street =-2/40",2,False
44,go,,"You'll have to say which compass direction to go in.


>                                                                                                                                -= Street =-2/41",2,False
45,go,,"You'll have to say which compass direction to go in.


>                                                                                                                                -= Street =-2/42",2,False
46,go,,"You'll have to say which compass direction to go in.


>                                                                                                                                -= Street =-2/43",2,False
47,go east,,"-= Driveway =-
Ah, the driveway. This is some kind of driveway, really great ordinary vibes in this place, a wonderful ordinary atmosphere. And now, well, you're in it.



There is a closed front door leading east. There is an exit to the west.


>                                                                                                                                -= Driveway =-2/44",2,False
48,open,,"What do you want to open?

>                                                                                                                                -= Driveway =-2/44",2,False
49,open front door,,"You open front door.


>                                                                                                                                -= Driveway =-2/45",2,False
50,go,,"You'll have to say which compass direction to go in.


>                                                                                                                                -= Driveway =-2/46",2,False
51,go east,,"-= Livingroom =-
You're now in a livingroom.

You hear a noise behind you and spin around, but you can't see anything other than a sofa. The sofa appears to be empty.

There is an open front door leading west. You need an exit without a door? You should try going north.


>                                                                                                                                -= Livingroom =-2/47",2,False
52,go,,"You'll have to say which compass direction to go in.


>                                                                                                                                -= Livingroom =-2/48",2,False
53,go north,,"-= Bedroom =-
You've just sauntered into a bedroom.

If you haven't noticed it already, there seems to be something there by the wall, it's a bed. The bed is large. But the thing hasn't got anything on it.

You don't like doors? Why not try going north, that entranceway is not blocked by one. There is an exit to the south. Don't worry, there is no door.


>                                                                                                                                -= Bedroom =-2/49",2,False
54,go,,"You'll have to say which compass direction to go in.


>                                                                                                                                -= Bedroom =-2/50",2,False
55,go north,,"-= Corridor =-
You find yourself in a corridor. A standard one. You begin to take stock of what's in the room.



There is a closed patio door leading west. There is an exit to the east. Don't worry, there is no door. There is an exit to the north. Don't worry, there is no door. There is an exit to the south.


>                                                                                                                                -= Corridor =-2/51",2,False
56,go,,"You'll have to say which compass direction to go in.


>                                                                                                                                -= Corridor =-2/52",2,False
57,go,,"You'll have to say which compass direction to go in.


>                                                                                                                                -= Corridor =-2/53",2,False
58,go south,,"-= Bedroom =-
You've just sauntered into a bedroom.

If you haven't noticed it already, there seems to be something there by the wall, it's a bed. The bed is large. But the thing hasn't got anything on it.

You don't like doors? Why not try going north, that entranceway is not blocked by one. There is an exit to the south. Don't worry, there is no door.


>                                                                                                                                -= Bedroom =-2/54",2,False
59,go north,,"-= Corridor =-
You find yourself in a corridor. A standard one. You begin to take stock of what's in the room.



There is a closed patio door leading west. There is an exit to the east. Don't worry, there is no door. There is an exit to the north. Don't worry, there is no door. There is an exit to the south.


>                                                                                                                                -= Corridor =-2/55",2,False
60,go,,"You'll have to say which compass direction to go in.


>                                                                                                                                -= Corridor =-2/56",2,False
61,go east,,"-= Kitchen =-
You arrive in a kitchen. A normal kind of place.

You see a fridge. Were you looking for an oven? Because look over there, it's an oven. You bend down to tie your shoe. When you stand up, you notice a table. But there isn't a thing on it. Oh! Why couldn't there just be stuff on it? You see a counter. On the counter you make out a red apple, a tomato, a red hot pepper, a yellow apple, a raw purple potato, a cookbook and a knife. Look over there! a stove. Unfortunately, there isn't a thing on it.

There is a closed frosted-glass door leading north. You need an exit without a door? You should try going west.


>                                                                                                                                -= Kitchen =-2/57",2,False
62,examine,,"What do you want to examine?

>                                                                                                                                -= Kitchen =-2/57",2,False
63,examine cookbook,,"You open the copy of ""Cooking: A Modern Approach (3rd Ed.)"" and start reading:

Recipe #1
---------
Gather all following ingredients and follow the directions to prepare this tasty meal.

Ingredients:
block of cheese
  red apple
  red onion
  white tuna
  yellow onion

Directions:
chop the block of cheese
  fry the block of cheese
  chop the red apple
  grill the red apple
  slice the red onion
  roast the red onion
  slice the white tuna
  fry the white tuna
  slice the yellow onion
  grill the yellow onion
  prepare meal



>                                                                                                                                -= Kitchen =-2/58",2,False
64,take,,"What do you want to take?

>                                                                                                                                -= Kitchen =-2/58",2,False
65,take,,"What do you want to take?

>                                                                                                                                -= Kitchen =-2/58",2,False
66,take red apple,,"You take the red apple from the counter.


Your score has just gone up by one point.

>                                                                                                                                -= Kitchen =-3/59",3,False
67,take,,"What do you want to take?

>                                                                                                                                -= Kitchen =-3/59",3,False
68,take red onion,,"You can't see any such thing.

>                                                                                                                                -= Kitchen =-3/59",3,False
69,take,,"What do you want to take?

>                                                                                                                                -= Kitchen =-3/59",3,False
70,take,,"What do you want to take?

>                                                                                                                                -= Kitchen =-3/59",3,False
71,take,,"What do you want to take?

>                                                                                                                                -= Kitchen =-3/59",3,False
72,take,,"What do you want to take?

>                                                                                                                                -= Kitchen =-3/59",3,False
73,take red onion,,"You can't see any such thing.

>                                                                                                                                -= Kitchen =-3/59",3,False
74,take,,"What do you want to take?

>                                                                                                                                -= Kitchen =-3/59",3,False
75,take yellow onion,,"I only understood you as far as wanting to take the yellow apple.

>                                                                                                                                -= Kitchen =-3/59",3,False
76,take,,"What do you want to take?

>                                                                                                                                -= Kitchen =-3/59",3,False
77,take yellow onion,,"I only understood you as far as wanting to take the yellow apple.

>                                                                                                                                -= Kitchen =-3/59",3,False
78,take yellow onion,,"I only understood you as far as wanting to take the yellow apple.

>                                                                                                                                -= Kitchen =-3/59",3,False
79,take yellow onion,,"I only understood you as far as wanting to take the yellow apple.

>                                                                                                                                -= Kitchen =-3/59",3,True
