Step,Action,Reasoning,Observation,Reward,Done
0,Failed to obtain a valid action from the reasoning.,">                                                                                                                                -= Supermarket =-0/1

You decide to examine the block of cheese more closely. You take a closer look at it and notice that it's a block of cheddar cheese, which is a type of cheese that is often grated or sliced. You also notice that the block is slightly warm to the touch, suggesting that it has been recently used.","That's not a verb I recognise.

>                                                                                                                                -= Supermarket =-0/1",0,False
1,Failed to obtain a valid action from the reasoning.,cook,"That's not a verb I recognise.

>                                                                                                                                -= Supermarket =-0/1",0,False
2,Failed to obtain a valid action from the reasoning.,cook,"That's not a verb I recognise.

>                                                                                                                                -= Supermarket =-0/1",0,False
3,Failed to obtain a valid action from the reasoning.,cook,"That's not a verb I recognise.

>                                                                                                                                -= Supermarket =-0/1",0,False
4,Failed to obtain a valid action from the reasoning.,> open the sliding door,"That's not a verb I recognise.

>                                                                                                                                -= Supermarket =-0/1",0,False
5,Failed to obtain a valid action from the reasoning.,">                                                                                                                                -= Supermarket =-0/1

You must examine the block of cheese and the raw white tuna more closely.","That's not a verb I recognise.

>                                                                                                                                -= Supermarket =-0/1",0,False
6,Failed to obtain a valid action from the reasoning.,> open the sliding door,"That's not a verb I recognise.

>                                                                                                                                -= Supermarket =-0/1",0,False
7,Failed to obtain a valid action from the reasoning.,> open the sliding door,"That's not a verb I recognise.

>                                                                                                                                -= Supermarket =-0/1",0,False
8,Failed to obtain a valid action from the reasoning.,> open the sliding door,"That's not a verb I recognise.

>                                                                                                                                -= Supermarket =-0/1",0,False
9,Failed to obtain a valid action from the reasoning.,> open the sliding door,"That's not a verb I recognise.

>                                                                                                                                -= Supermarket =-0/1",0,False
10,Failed to obtain a valid action from the reasoning.,> open the sliding door,"That's not a verb I recognise.

>                                                                                                                                -= Supermarket =-0/1",0,False
11,Failed to obtain a valid action from the reasoning.,> open the sliding door,"That's not a verb I recognise.

>                                                                                                                                -= Supermarket =-0/1",0,False
12,Failed to obtain a valid action from the reasoning.,> open the sliding door,"That's not a verb I recognise.

>                                                                                                                                -= Supermarket =-0/1",0,False
13,Failed to obtain a valid action from the reasoning.,"First, think about the best course of action.

Since you're in the supermarket, you have several options to choose from. You can examine the block of cheese, the raw white tuna, or the closed sliding door. You can also take the block of cheese, the raw white tuna, or drop something onto the floor. You can also take the block of cheese, the raw white tuna, or put something on a supporter. You can also take the block of cheese, the raw white tuna, or insert something into a container. You can also lock the sliding door or unlock it. You can also cook the block of cheese, the raw white tuna, or prepare a meal.

You can choose to examine the block of cheese, the raw white tuna, the closed sliding door, take the block of cheese, the raw white tuna, put something on a supporter, take the block of cheese, the raw white tuna, insert something into a container, lock the sliding door, unlock it, cook the block of cheese, the raw white tuna, or prepare a meal.

You can choose to examine the block of cheese, the raw white tuna, the closed sliding door, take the block of cheese, the raw white tuna, put something on a supporter, take the block of cheese, the raw white tuna, insert something into a container, lock the sliding door, unlock it, cook the block of cheese, the raw white tuna, or prepare a meal.

You can choose to examine the block of cheese, the raw white tuna, the closed sliding door, take the block of cheese, the raw white tuna, put something on a supporter, take the block of cheese, the raw white tuna, insert something into a container, lock the sliding door, unlock it, cook the block of cheese, the raw white tuna, or prepare a meal.

You can choose to examine the block of cheese, the raw white tuna, the closed sliding door, take the block of cheese, the raw white tuna, put something on a supporter, take the block of cheese, the raw white tuna, insert something into a container, lock the sliding door, unlock it, cook the block of cheese, the raw white tuna, or prepare a meal.

You can choose to examine the block of cheese, the raw white tuna, the closed sliding door, take the block of cheese, the raw white tuna, put something on a supporter, take the block of cheese, the raw white tuna, insert something into a container, lock the sliding door, unlock it, cook the block of cheese, the raw white tuna, or prepare a meal.

You can choose to examine the block of cheese, the raw white tuna, the closed sliding door, take the block of cheese, the raw white tuna, put something on a supporter, take the block of cheese, the raw white tuna, insert something into a container, lock the sliding door, unlock it, cook the block of cheese, the raw white tuna, or prepare a meal.

You can choose to examine the block of cheese, the raw white tuna, the closed sliding door, take the block of cheese, the raw white tuna, put something on a supporter, take the block of cheese, the raw white tuna, insert something into a container, lock the sliding door, unlock it, cook the block of cheese, the raw white tuna, or prepare a meal.

You can choose to examine the block of cheese, the raw white tuna, the closed sliding door, take the block of cheese, the raw white tuna, put something on a supporter, take the block of cheese, the raw white tuna, insert something into a container, lock the sliding door, unlock it, cook the block of cheese, the raw white tuna, or prepare a meal.

You can choose to examine the block of cheese, the raw white tuna, the closed sliding door, take the block of cheese, the raw white tuna, put something on a supporter, take the block of cheese, the raw white tuna, insert something into a container, lock the sliding door, unlock it, cook the block of cheese, the raw white tuna, or prepare a meal.

You can choose to examine the block of cheese, the raw white tuna, the closed sliding door, take the block of cheese, the raw white tuna, put something on a supporter, take the block of cheese, the raw white tuna, insert something into a container, lock the sliding door, unlock it, cook the block of cheese, the raw white tuna, or prepare a meal.

You can choose to examine the block of cheese, the raw white tuna, the closed sliding door, take the block of cheese, the raw white tuna, put something on a supporter, take the block of cheese, the raw white tuna, insert something into a container, lock the sliding door, unlock it, cook the block of cheese, the raw white tuna, or prepare a meal.

You can choose to examine the block of cheese, the raw white tuna, the closed sliding door, take the block of cheese, the raw white tuna, put something on a supporter, take the block of cheese, the raw white tuna, insert something into a container, lock the sliding door, unlock it, cook the block of cheese, the raw white tuna, or prepare a meal.

You can choose to examine the block of cheese, the raw white tuna, the closed sliding door, take the block of cheese, the raw white tuna, put something on a supporter, take the block of cheese, the raw white tuna, insert something into a container, lock the sliding door, unlock it, cook the block of cheese, the raw white tuna, or prepare a meal.

You can choose to examine the block of cheese, the raw white tuna, the closed sliding door, take the block of cheese, the raw white tuna, put something on a supporter, take the block of cheese, the raw white tuna, insert something into a container, lock the sliding door, unlock it, cook the block of cheese, the raw white tuna, or prepare a meal.

You can choose to examine the block of cheese, the raw white tuna, the closed sliding door, take the block of cheese, the raw white tuna, put something on a supporter, take the block of cheese, the raw white tuna, insert something into a container, lock the sliding door, unlock it, cook the block of cheese, the raw white tuna, or prepare a meal.

You can choose to examine the block of cheese, the raw white tuna, the closed sliding door, take the block of cheese, the raw white tuna, put something on a supporter, take the block of cheese, the raw white tuna, insert something into a container, lock the sliding door, unlock it, cook the block of cheese, the raw white tuna, or prepare a meal.

You can choose to examine the block of cheese, the raw white tuna, the closed sliding door, take the block of cheese, the raw white tuna, put something on a supporter, take the block of cheese, the raw white tuna, insert something into a container, lock the sliding door, unlock it, cook the block of cheese, the raw white tuna, or prepare a meal.

You can choose to examine the block of cheese, the raw white tuna, the closed sliding door, take the block of cheese, the raw white tuna, put something on a supporter, take the block of cheese, the raw white tuna, insert something into a container, lock the sliding door, unlock it, cook the block of cheese, the raw white tuna, or prepare a meal.

You can choose to examine the block of cheese, the raw white tuna, the closed sliding door, take the block of cheese, the raw white tuna, put something on a supporter, take the block of cheese, the raw white tuna, insert something into a container, lock the sliding door, unlock it, cook the block of cheese, the raw white tuna, or prepare a meal.

You can choose to examine the block of cheese, the raw white tuna, the closed sliding door, take the block of cheese, the raw white tuna, put something on a supporter, take the block of cheese, the raw white tuna, insert something into a container, lock the sliding door, unlock it, cook the block of cheese, the raw white tuna, or prepare a meal.

You can choose to examine the block of cheese, the raw white tuna, the closed sliding door, take the block of cheese, the raw white tuna, put something on a supporter, take the block of cheese, the raw white tuna, insert something into a container, lock the sliding door, unlock it, cook the block of cheese, the raw white tuna, or prepare a meal.

You can choose to examine the block of cheese, the raw white tuna, the closed sliding door, take the block of cheese, the raw white tuna, put something on a supporter, take the block of cheese, the raw white tuna, insert something into a container, lock the sliding door, unlock it, cook the block of cheese, the raw white tuna, or prepare a meal.

You can choose to examine the block of cheese, the raw white tuna, the closed sliding door, take the block of cheese, the raw white tuna, put something on a supporter, take the block of cheese, the raw white tuna, insert something into a container, lock the sliding door, unlock it, cook the block of cheese, the raw white tuna, or prepare a meal.

You can choose to examine the block of cheese, the raw white tuna, the closed sliding door, take the block of cheese, the raw white tuna, put something on a supporter, take the block of cheese, the raw white tuna, insert something into a container, lock the sliding door, unlock it, cook the block of cheese, the raw white tuna, or prepare a meal.

You can choose to examine the block of cheese, the raw white tuna, the closed sliding door, take the block of cheese, the raw white tuna, put something on a supporter, take the block of cheese, the raw white tuna, insert something into a container, lock the sliding door, unlock it, cook the block of cheese, the raw white tuna, or prepare a meal.

You can choose to examine the block of cheese, the raw white tuna, the closed sliding door, take the block of cheese, the raw white tuna, put something on a supporter, take the block of cheese, the raw white tuna, insert something into a container, lock the sliding door, unlock it, cook the block of cheese, the raw white tuna, or prepare a meal.

You can choose to examine the block of cheese, the raw white tuna, the closed sliding door, take the block of cheese, the raw white tuna, put something on a supporter, take the block of cheese, the raw white tuna, insert something into a container, lock the sliding door, unlock it, cook the block of cheese, the raw white tuna, or prepare a meal.

You can choose to examine the block of cheese, the raw white tuna, the closed sliding door, take the block of cheese, the raw white tuna, put something on a supporter, take the block of cheese, the raw white tuna, insert something into a container, lock the sliding door, unlock it, cook the block of cheese, the raw white tuna, or prepare a meal.

You can choose to examine the block of cheese, the raw white tuna, the closed sliding door, take the block of cheese, the raw white tuna, put something on a supporter, take the block of cheese, the raw white tuna, insert something into a container, lock the sliding door, unlock it, cook the block of cheese, the raw white tuna, or prepare a meal.

You can choose to examine the block of cheese, the raw white tuna, the closed sliding door, take the block of cheese, the raw white tuna, put something on a supporter, take the block of cheese, the raw white tuna, insert something into a container, lock the sliding door, unlock it, cook the block of cheese, the raw white tuna, or prepare a meal.

You can choose to examine the block of cheese, the raw white tuna, the closed sliding door, take the block of cheese, the raw white tuna, put something on a supporter, take the block of cheese, the raw white tuna, insert something into a container, lock the sliding door, unlock it, cook the block of cheese, the raw white tuna, or prepare a meal.

You can choose to examine the block of cheese, the raw white tuna, the closed sliding door, take the block of cheese, the raw white tuna, put something on a supporter, take the block of cheese, the raw white tuna, insert something into a container, lock the sliding door, unlock it, cook the block of cheese, the raw white tuna, or prepare a meal.

You can choose to examine the block of cheese, the raw white tuna, the closed sliding door, take the block of cheese, the raw white tuna, put something on a supporter, take the block of cheese, the raw white tuna, insert something into a container, lock the sliding door, unlock it, cook the block of cheese, the raw white tuna, or prepare a meal.

You can choose to examine the block of cheese, the raw white tuna, the closed sliding door, take the block of cheese, the raw white tuna, put something on a supporter, take the block of cheese, the raw white tuna, insert something into a container, lock the sliding door, unlock it, cook the block of cheese, the raw white tuna, or prepare a meal.

You can choose to examine the block of cheese, the raw white tuna, the closed sliding door, take the block of cheese, the raw white tuna, put something on a supporter, take the block of cheese, the raw white tuna, insert something into a container, lock the sliding door, unlock it, cook the block of cheese, the raw white tuna, or prepare a meal.

You can choose to examine the block of cheese, the raw white tuna, the closed sliding door, take the block of cheese, the raw white tuna, put something on a supporter, take the block of cheese, the raw white tuna, insert something into a container, lock the sliding door, unlock it, cook the block of cheese, the raw white tuna, or prepare a meal.

You can choose to examine the block of cheese, the raw white tuna, the closed sliding door, take the block of cheese, the raw white tuna, put something on a supporter, take the block of cheese, the raw white tuna, insert something into a container, lock the sliding door, unlock it, cook the block of cheese, the raw white tuna, or prepare a meal.

You can choose to examine the block of cheese, the raw white tuna, the closed sliding door, take the block of cheese, the raw white tuna, put something on a supporter, take the block of cheese, the raw white tuna, insert something into a container, lock the sliding door, unlock it, cook the block of cheese, the raw white tuna, or prepare a meal.

You can choose to examine the block of cheese, the raw white tuna, the closed sliding door, take the block of cheese, the raw white tuna, put something on a supporter, take the block of cheese, the raw white tuna, insert something into a container, lock the sliding door, unlock it, cook the block of cheese, the raw white tuna, or prepare a meal.

You can choose to examine the block of cheese, the raw white tuna, the closed sliding door, take the block of cheese, the raw white tuna, put something on a supporter, take the block of cheese, the raw white tuna, insert something into a container, lock the sliding door, unlock it, cook the block of cheese, the raw white tuna, or prepare a meal.

You can choose to examine the block of cheese, the raw white tuna, the closed sliding door, take the block of cheese, the raw white tuna, put something on a supporter, take the block of cheese, the raw white tuna, insert something into a container, lock the sliding door, unlock it, cook the block of cheese, the raw white tuna, or prepare a meal.

You can choose to examine the block of cheese, the raw white tuna, the closed sliding door, take the block of cheese, the raw white tuna, put something on a supporter, take the block of cheese, the raw white tuna, insert something into a container, lock the sliding door, unlock it, cook the block of cheese, the raw white tuna, or prepare a meal.

You can choose to examine the block of cheese, the raw white tuna, the closed sliding door, take the block of cheese, the raw white tuna, put something on a supporter, take the block of cheese, the raw white tuna, insert something into a container, lock the sliding door, unlock it, cook the block of cheese, the raw white tuna, or prepare a meal.

You can choose to examine the block of cheese, the raw white tuna, the closed sliding door, take the block of cheese, the raw white tuna, put something on a supporter, take the block of cheese, the raw white tuna, insert something into a container, lock the sliding door, unlock it, cook the block of cheese, the raw white tuna, or prepare a meal.

You can choose to examine the block of cheese, the raw white tuna, the closed sliding door, take the block of cheese, the raw white tuna, put something on a supporter, take the block of cheese, the raw white tuna, insert something into a container, lock the sliding door, unlock it, cook the block of cheese, the raw white tuna, or prepare a meal.

You can choose to examine the block of cheese, the raw white tuna, the closed sliding door, take the block of cheese, the raw white tuna, put something on a supporter, take the block of cheese, the raw white tuna, insert something into a container, lock the sliding door, unlock it, cook the block of cheese, the raw white tuna, or prepare a meal.

You can choose to examine the block of cheese, the raw white tuna, the closed sliding door, take the block of cheese, the raw white tuna, put something on a supporter, take the block of cheese, the raw white tuna, insert something into a container, lock the sliding door, unlock it, cook the block of cheese, the raw white tuna, or prepare a meal.

You can choose to examine the block of cheese, the raw white tuna, the closed sliding door, take the block of cheese, the raw white tuna, put something on a supporter, take the block of cheese, the raw white tuna, insert something into a container, lock the sliding door, unlock it, cook the block of cheese, the raw white tuna, or prepare a meal.

You can choose to examine the block of cheese, the raw white tuna, the closed sliding door, take the block of cheese, the raw white tuna, put something on a supporter, take the block of cheese, the raw white tuna, insert something into a container, lock the sliding door, unlock it, cook the block of cheese, the raw white tuna, or prepare a meal.

You can choose to examine the block of cheese, the raw white tuna, the closed sliding door, take the block of cheese, the raw white tuna, put something on a supporter, take the block of cheese, the raw white tuna, insert something into a container, lock the sliding door, unlock it, cook the block of cheese, the raw white tuna, or prepare a meal.

You can choose to examine the block of cheese, the raw white tuna, the closed sliding door, take the block of cheese, the raw white tuna, put something on a supporter, take the block of cheese, the raw white tuna, insert something into a container, lock the sliding door,","That's not a verb I recognise.

>                                                                                                                                -= Supermarket =-0/1",0,False
14,YOUR_CHOSEN_ACTION,"First, think about the best course of action.

Since you're in the supermarket, you have several options to choose from. You can examine the block of cheese, the raw white tuna, or the closed sliding door leading south.

You must choose exactly one of the listed actions and output it strictly in the following format:

<|ACTION|>YOUR_CHOSEN_ACTION<|END|>

In this case, I will choose to examine the block of cheese.","That's not a verb I recognise.

>                                                                                                                                -= Supermarket =-0/1",0,False
15,Failed to obtain a valid action from the reasoning.,"First, think about the best course of action.

You are in the supermarket, and you see a block of cheese and a raw white tuna on the showcase. You also see a closed sliding door leading south.

> open the sliding door south","That's not a verb I recognise.

>                                                                                                                                -= Supermarket =-0/1",0,False
16,Failed to obtain a valid action from the reasoning.,">                                                                                                                                -= Supermarket =-0/1

You must examine the supermarket.","That's not a verb I recognise.

>                                                                                                                                -= Supermarket =-0/1",0,False
17,Failed to obtain a valid action from the reasoning.,">                                                                                                                                -= Supermarket =-0/1

You must examine the supermarket.","That's not a verb I recognise.

>                                                                                                                                -= Supermarket =-0/1",0,False
18,Failed to obtain a valid action from the reasoning.,">                                                                                                                                -= Supermarket =-0/1

You must examine the supermarket.","That's not a verb I recognise.

>                                                                                                                                -= Supermarket =-0/1",0,False
19,Failed to obtain a valid action from the reasoning.,">                                                                                                                                -= Supermarket =-0/1

You must examine the supermarket.","That's not a verb I recognise.

>                                                                                                                                -= Supermarket =-0/1",0,False
20,Failed to obtain a valid action from the reasoning.,">                                                                                                                                -= Supermarket =-0/1

You must examine the supermarket.","That's not a verb I recognise.

>                                                                                                                                -= Supermarket =-0/1",0,False
21,Failed to obtain a valid action from the reasoning.,">                                                                                                                                -= Supermarket =-0/1

You must examine the supermarket.","That's not a verb I recognise.

>                                                                                                                                -= Supermarket =-0/1",0,False
22,Failed to obtain a valid action from the reasoning.,">                                                                                                                                -= Supermarket =-0/1

You must examine the supermarket.","That's not a verb I recognise.

>                                                                                                                                -= Supermarket =-0/1",0,False
23,Failed to obtain a valid action from the reasoning.,">                                                                                                                                -= Supermarket =-0/1

You must examine the supermarket.","That's not a verb I recognise.

>                                                                                                                                -= Supermarket =-0/1",0,False
24,Failed to obtain a valid action from the reasoning.,">                                                                                                                                -= Supermarket =-0/1

You must examine the supermarket.","That's not a verb I recognise.

>                                                                                                                                -= Supermarket =-0/1",0,False
25,Failed to obtain a valid action from the reasoning.,">                                                                                                                                -= Supermarket =-0/1

You must examine the shelves.","That's not a verb I recognise.

>                                                                                                                                -= Supermarket =-0/1",0,False
26,Failed to obtain a valid action from the reasoning.,">                                                                                                                                -= Supermarket =-0/1

You must examine the supermarket.","That's not a verb I recognise.

>                                                                                                                                -= Supermarket =-0/1",0,False
27,Failed to obtain a valid action from the reasoning.,">                                                                                                                                -= Supermarket =-0/1

YOUR_CHOSEN_ACTION: examine","That's not a verb I recognise.

>                                                                                                                                -= Supermarket =-0/1",0,False
28,Failed to obtain a valid action from the reasoning.,">                                                                                                                                -= Supermarket =-0/1

YOUR_CHOSEN_ACTION: examine","That's not a verb I recognise.

>                                                                                                                                -= Supermarket =-0/1",0,False
29,Failed to obtain a valid action from the reasoning.,">                                                                                                                                -= Supermarket =-0/1

YOUR_CHOSEN_ACTION: examine","That's not a verb I recognise.

>                                                                                                                                -= Supermarket =-0/1",0,False
30,Failed to obtain a valid action from the reasoning.,"First, think about the best course of action.

Since you are in the Supermarket, you can examine the shelves to see what food is available.","That's not a verb I recognise.

>                                                                                                                                -= Supermarket =-0/1",0,False
31,Failed to obtain a valid action from the reasoning.,">                                                                                                                                -= Supermarket =-0/1

I will choose to examine the supermarket.","That's not a verb I recognise.

>                                                                                                                                -= Supermarket =-0/1",0,False
32,Failed to obtain a valid action from the reasoning.,">                                                                                                                                -= Supermarket =-0/1

I will choose to examine the supermarket.","That's not a verb I recognise.

>                                                                                                                                -= Supermarket =-0/1",0,False
33,Failed to obtain a valid action from the reasoning.,">                                                                                                                                -= Supermarket =-0/1

I will choose to examine the supermarket.","That's not a verb I recognise.

>                                                                                                                                -= Supermarket =-0/1",0,False
34,Failed to obtain a valid action from the reasoning.,">                                                                                                                                -= Supermarket =-0/1

I will choose to examine the supermarket.","That's not a verb I recognise.

>                                                                                                                                -= Supermarket =-0/1",0,False
35,Failed to obtain a valid action from the reasoning.,">                                                                                                                                -= Supermarket =-0/1

I will choose to examine the supermarket.","That's not a verb I recognise.

>                                                                                                                                -= Supermarket =-0/1",0,False
36,Failed to obtain a valid action from the reasoning.,">                                                                                                                                -= Supermarket =-0/1

I will choose to examine the supermarket.","That's not a verb I recognise.

>                                                                                                                                -= Supermarket =-0/1",0,False
37,Failed to obtain a valid action from the reasoning.,">                                                                                                                                -= Supermarket =-0/1

I will choose to examine the supermarket.","That's not a verb I recognise.

>                                                                                                                                -= Supermarket =-0/1",0,False
38,Failed to obtain a valid action from the reasoning.,">                                                                                                                                -= Supermarket =-0/1

I will choose to examine the supermarket.","That's not a verb I recognise.

>                                                                                                                                -= Supermarket =-0/1",0,False
39,Failed to obtain a valid action from the reasoning.,">                                                                                                                                -= Supermarket =-0/1

I will choose to examine the supermarket.","That's not a verb I recognise.

>                                                                                                                                -= Supermarket =-0/1",0,False
40,Failed to obtain a valid action from the reasoning.,">                                                                                                                                -= Supermarket =-0/1

I will choose to examine the supermarket.","That's not a verb I recognise.

>                                                                                                                                -= Supermarket =-0/1",0,False
41,Failed to obtain a valid action from the reasoning.,">                                                                                                                                -= Supermarket =-0/1

I will choose to examine the supermarket.","That's not a verb I recognise.

>                                                                                                                                -= Supermarket =-0/1",0,False
42,Failed to obtain a valid action from the reasoning.,">                                                                                                                                -= Supermarket =-0/1

I will examine the shelves.","That's not a verb I recognise.

>                                                                                                                                -= Supermarket =-0/1",0,False
43,Failed to obtain a valid action from the reasoning.,">                                                                                                                                -= Supermarket =-0/1

I will choose to examine the supermarket.","That's not a verb I recognise.

>                                                                                                                                -= Supermarket =-0/1",0,False
44,Failed to obtain a valid action from the reasoning.,">                                                                                                                                -= Supermarket =-0/1

I will choose to examine the supermarket.","That's not a verb I recognise.

>                                                                                                                                -= Supermarket =-0/1",0,False
45,Failed to obtain a valid action from the reasoning.,">                                                                                                                                -= Supermarket =-0/1

I will choose to examine the supermarket.","That's not a verb I recognise.

>                                                                                                                                -= Supermarket =-0/1",0,False
46,Failed to obtain a valid action from the reasoning.,">                                                                                                                                -= Supermarket =-0/1

I will choose to examine the supermarket.","That's not a verb I recognise.

>                                                                                                                                -= Supermarket =-0/1",0,False
47,Failed to obtain a valid action from the reasoning.,">                                                                                                                                -= Supermarket =-0/1

I will choose to examine the supermarket.","That's not a verb I recognise.

>                                                                                                                                -= Supermarket =-0/1",0,False
48,Failed to obtain a valid action from the reasoning.,">                                                                                                                                -= Supermarket =-0/1

I will choose to examine the supermarket.","That's not a verb I recognise.

>                                                                                                                                -= Supermarket =-0/1",0,False
49,Failed to obtain a valid action from the reasoning.,">                                                                                                                                -= Supermarket =-0/1

I will choose to examine the supermarket.","That's not a verb I recognise.

>                                                                                                                                -= Supermarket =-0/1",0,False
50,Failed to obtain a valid action from the reasoning.,">                                                                                                                                -= Supermarket =-0/1

I will choose to examine the supermarket.","That's not a verb I recognise.

>                                                                                                                                -= Supermarket =-0/1",0,False
51,Failed to obtain a valid action from the reasoning.,">                                                                                                                                -= Supermarket =-0/1

I will choose to examine the supermarket.","That's not a verb I recognise.

>                                                                                                                                -= Supermarket =-0/1",0,False
52,Failed to obtain a valid action from the reasoning.,">                                                                                                                                -= Supermarket =-0/1

I will choose to examine the supermarket.","That's not a verb I recognise.

>                                                                                                                                -= Supermarket =-0/1",0,False
53,Failed to obtain a valid action from the reasoning.,">                                                                                                                                -= Supermarket =-0/1

I will choose to examine the supermarket.","That's not a verb I recognise.

>                                                                                                                                -= Supermarket =-0/1",0,False
54,Failed to obtain a valid action from the reasoning.,">                                                                                                                                -= Supermarket =-0/1

I will choose to examine the supermarket.","That's not a verb I recognise.

>                                                                                                                                -= Supermarket =-0/1",0,False
55,Failed to obtain a valid action from the reasoning.,">                                                                                                                                -= Supermarket =-0/1

I will choose to examine the supermarket.","That's not a verb I recognise.

>                                                                                                                                -= Supermarket =-0/1",0,False
56,Failed to obtain a valid action from the reasoning.,">                                                                                                                                -= Supermarket =-0/1

I will choose to examine the supermarket.","That's not a verb I recognise.

>                                                                                                                                -= Supermarket =-0/1",0,False
57,Failed to obtain a valid action from the reasoning.,">                                                                                                                                -= Supermarket =-0/1

I will examine the shelves.","That's not a verb I recognise.

>                                                                                                                                -= Supermarket =-0/1",0,False
58,Failed to obtain a valid action from the reasoning.,">                                                                                                                                -= Supermarket =-0/1

I will choose to examine the supermarket.","That's not a verb I recognise.

>                                                                                                                                -= Supermarket =-0/1",0,False
59,Failed to obtain a valid action from the reasoning.,">                                                                                                                                -= Supermarket =-0/1

I will choose to examine the supermarket.","That's not a verb I recognise.

>                                                                                                                                -= Supermarket =-0/1",0,False
60,Failed to obtain a valid action from the reasoning.,">                                                                                                                                -= Supermarket =-0/1

I will choose to examine the supermarket.","That's not a verb I recognise.

>                                                                                                                                -= Supermarket =-0/1",0,False
61,Failed to obtain a valid action from the reasoning.,">                                                                                                                                -= Supermarket =-0/1

I will choose to examine the supermarket.","That's not a verb I recognise.

>                                                                                                                                -= Supermarket =-0/1",0,False
62,Failed to obtain a valid action from the reasoning.,">                                                                                                                                -= Supermarket =-0/1

I will choose to examine the supermarket.","That's not a verb I recognise.

>                                                                                                                                -= Supermarket =-0/1",0,False
63,Failed to obtain a valid action from the reasoning.,">                                                                                                                                -= Supermarket =-0/1

I will choose to examine the supermarket.","That's not a verb I recognise.

>                                                                                                                                -= Supermarket =-0/1",0,False
64,Failed to obtain a valid action from the reasoning.,">                                                                                                                                -= Supermarket =-0/1

I will choose to examine the supermarket.","That's not a verb I recognise.

>                                                                                                                                -= Supermarket =-0/1",0,False
65,Failed to obtain a valid action from the reasoning.,">                                                                                                                                -= Supermarket =-0/1

I will choose to examine the supermarket.","That's not a verb I recognise.

>                                                                                                                                -= Supermarket =-0/1",0,False
66,Failed to obtain a valid action from the reasoning.,">                                                                                                                                -= Supermarket =-0/1

I will choose to examine the supermarket.","That's not a verb I recognise.

>                                                                                                                                -= Supermarket =-0/1",0,False
67,Failed to obtain a valid action from the reasoning.,">                                                                                                                                -= Supermarket =-0/1

I will choose to examine the supermarket.","That's not a verb I recognise.

>                                                                                                                                -= Supermarket =-0/1",0,False
68,Failed to obtain a valid action from the reasoning.,">                                                                                                                                -= Supermarket =-0/1

I will choose to examine the supermarket.","That's not a verb I recognise.

>                                                                                                                                -= Supermarket =-0/1",0,False
69,Failed to obtain a valid action from the reasoning.,">                                                                                                                                -= Supermarket =-0/1

I will choose to examine the supermarket.","That's not a verb I recognise.

>                                                                                                                                -= Supermarket =-0/1",0,False
70,Failed to obtain a valid action from the reasoning.,">                                                                                                                                -= Supermarket =-0/1

I will examine the shelves.","That's not a verb I recognise.

>                                                                                                                                -= Supermarket =-0/1",0,False
71,Failed to obtain a valid action from the reasoning.,">                                                                                                                                -= Supermarket =-0/1

I will choose to examine the supermarket.","That's not a verb I recognise.

>                                                                                                                                -= Supermarket =-0/1",0,False
72,Failed to obtain a valid action from the reasoning.,">                                                                                                                                -= Supermarket =-0/1

I will choose to examine the supermarket.","That's not a verb I recognise.

>                                                                                                                                -= Supermarket =-0/1",0,False
73,Failed to obtain a valid action from the reasoning.,">                                                                                                                                -= Supermarket =-0/1

I will choose to examine the supermarket.","That's not a verb I recognise.

>                                                                                                                                -= Supermarket =-0/1",0,False
74,Failed to obtain a valid action from the reasoning.,">                                                                                                                                -= Supermarket =-0/1

I will choose to examine the supermarket.","That's not a verb I recognise.

>                                                                                                                                -= Supermarket =-0/1",0,False
75,Failed to obtain a valid action from the reasoning.,">                                                                                                                                -= Supermarket =-0/1

I will choose to examine the supermarket.","That's not a verb I recognise.

>                                                                                                                                -= Supermarket =-0/1",0,False
76,Failed to obtain a valid action from the reasoning.,">                                                                                                                                -= Supermarket =-0/1

I will choose to examine the supermarket.","That's not a verb I recognise.

>                                                                                                                                -= Supermarket =-0/1",0,False
77,Failed to obtain a valid action from the reasoning.,">                                                                                                                                -= Supermarket =-0/1

I will choose to examine the supermarket.","That's not a verb I recognise.

>                                                                                                                                -= Supermarket =-0/1",0,False
78,Failed to obtain a valid action from the reasoning.,">                                                                                                                                -= Supermarket =-0/1

I will choose to examine the supermarket.","That's not a verb I recognise.

>                                                                                                                                -= Supermarket =-0/1",0,False
79,Failed to obtain a valid action from the reasoning.,">                                                                                                                                -= Supermarket =-0/1

I will choose to examine the supermarket.","That's not a verb I recognise.

>                                                                                                                                -= Supermarket =-0/1",0,True
