{
    "progression_percentage": 2.5,
    "standard_error": 2.4685522072664368,
    "average_steps": 95.675,
    "episodes_played": 40,
    "tasks": {
        "MiniHack-CorridorBattle-Dark-v0": {
            "progression_percentage": 0.0,
            "standard_error": 0.0,
            "episodes_played": 5
        },
        "MiniHack-MazeWalk-9x9-v0": {
            "progression_percentage": 0.0,
            "standard_error": 0.0,
            "episodes_played": 5
        },
        "MiniHack-Boxoban-Hard-v0": {
            "progression_percentage": 0.0,
            "standard_error": 0.0,
            "episodes_played": 5
        },
        "MiniHack-Corridor-R3-v0": {
            "progression_percentage": 0.0,
            "standard_error": 0.0,
            "episodes_played": 5
        },
        "MiniHack-MazeWalk-15x15-v0": {
            "progression_percentage": 20.0,
            "standard_error": 17.888543819998322,
            "episodes_played": 5
        },
        "MiniHack-Quest-Easy-v0": {
            "progression_percentage": 0.0,
            "standard_error": 0.0,
            "episodes_played": 5
        },
        "MiniHack-Boxoban-Medium-v0": {
            "progression_percentage": 0.0,
            "standard_error": 0.0,
            "episodes_played": 5
        },
        "MiniHack-Quest-Medium-v0": {
            "progression_percentage": 0.0,
            "standard_error": 0.0,
            "episodes_played": 5
        }
    },
    "input_tokens": 16195354,
    "output_tokens": 38843
}