{
    "progression_percentage": 0.0,
    "standard_error": 0.0,
    "average_steps": 100.0,
    "episodes_played": 40,
    "tasks": {
        "MiniHack-CorridorBattle-Dark-v0": {
            "progression_percentage": 0.0,
            "standard_error": 0.0,
            "episodes_played": 5
        },
        "MiniHack-MazeWalk-9x9-v0": {
            "progression_percentage": 0.0,
            "standard_error": 0.0,
            "episodes_played": 5
        },
        "MiniHack-Corridor-R3-v0": {
            "progression_percentage": 0.0,
            "standard_error": 0.0,
            "episodes_played": 5
        },
        "MiniHack-Boxoban-Hard-v0": {
            "progression_percentage": 0.0,
            "standard_error": 0.0,
            "episodes_played": 5
        },
        "MiniHack-MazeWalk-15x15-v0": {
            "progression_percentage": 0.0,
            "standard_error": 0.0,
            "episodes_played": 5
        },
        "MiniHack-Quest-Easy-v0": {
            "progression_percentage": 0.0,
            "standard_error": 0.0,
            "episodes_played": 5
        },
        "MiniHack-Boxoban-Medium-v0": {
            "progression_percentage": 0.0,
            "standard_error": 0.0,
            "episodes_played": 5
        },
        "MiniHack-Quest-Medium-v0": {
            "progression_percentage": 0.0,
            "standard_error": 0.0,
            "episodes_played": 5
        }
    },
    "input_tokens": 54017317,
    "output_tokens": 2981306
}