{
    "progression_percentage": 4.901960784313726,
    "standard_error": 1.3030981723775743,
    "average_steps": 80.0,
    "episodes_played": 30,
    "tasks": {
        "treasure_hunter": {
            "progression_percentage": 0.0,
            "standard_error": 0.0,
            "episodes_played": 10
        },
        "the_cooking_game": {
            "progression_percentage": 14.705882352941178,
            "standard_error": 0.9300816647554059,
            "episodes_played": 10
        },
        "coin_collector": {
            "progression_percentage": 0.0,
            "standard_error": 0.0,
            "episodes_played": 10
        }
    },
    "input_tokens": 2889443,
    "output_tokens": 31438
}